test_id,cart_vm_util,cart_perf_cpi,cart_perf_llc,cart_vm_netW,cart_vm_netR,cart_95th_latency,cart_cont_cpu5s_avg,cart_cont_memW5s_avg,cart_cont_memR5s_avg,cart_cont_netW5s_avg,cart_cont_netR5s_avg,catalogue_vm_util,catalogue_perf_cpi,catalogue_perf_llc,catalogue_vm_netW,catalogue_vm_netR,catalogue_95th_latency,catalogue_cont_cpu5s_avg,catalogue_cont_memW5s_avg,catalogue_cont_memR5s_avg,catalogue_cont_netW5s_avg,catalogue_cont_netR5s_avg,dispatch_vm_util,dispatch_perf_cpi,dispatch_perf_llc,dispatch_vm_netW,dispatch_vm_netR,dispatch_95th_latency,dispatch_cont_cpu5s_avg,dispatch_cont_memW5s_avg,dispatch_cont_memR5s_avg,dispatch_cont_netW5s_avg,dispatch_cont_netR5s_avg,mongodb_vm_util,mongodb_perf_cpi,mongodb_perf_llc,mongodb_vm_netW,mongodb_vm_netR,mongodb_95th_latency,mongodb_cont_cpu5s_avg,mongodb_cont_memW5s_avg,mongodb_cont_memR5s_avg,mongodb_cont_netW5s_avg,mongodb_cont_netR5s_avg,mysql_vm_util,mysql_perf_cpi,mysql_perf_llc,mysql_vm_netW,mysql_vm_netR,mysql_95th_latency,mysql_cont_cpu5s_avg,mysql_cont_memW5s_avg,mysql_cont_memR5s_avg,mysql_cont_netW5s_avg,mysql_cont_netR5s_avg,payment_vm_util,payment_perf_cpi,payment_perf_llc,payment_vm_netW,payment_vm_netR,payment_95th_latency,payment_cont_cpu5s_avg,payment_cont_memW5s_avg,payment_cont_memR5s_avg,payment_cont_netW5s_avg,payment_cont_netR5s_avg,rabbitmq_vm_util,rabbitmq_perf_cpi,rabbitmq_perf_llc,rabbitmq_vm_netW,rabbitmq_vm_netR,rabbitmq_95th_latency,rabbitmq_cont_cpu5s_avg,rabbitmq_cont_memW5s_avg,rabbitmq_cont_memR5s_avg,rabbitmq_cont_netW5s_avg,rabbitmq_cont_netR5s_avg,ratings_vm_util,ratings_perf_cpi,ratings_perf_llc,ratings_vm_netW,ratings_vm_netR,ratings_95th_latency,ratings_cont_cpu5s_avg,ratings_cont_memW5s_avg,ratings_cont_memR5s_avg,ratings_cont_netW5s_avg,ratings_cont_netR5s_avg,redis_vm_util,redis_perf_cpi,redis_perf_llc,redis_vm_netW,redis_vm_netR,redis_95th_latency,redis_cont_cpu5s_avg,redis_cont_memW5s_avg,redis_cont_memR5s_avg,redis_cont_netW5s_avg,redis_cont_netR5s_avg,shipping_vm_util,shipping_perf_cpi,shipping_perf_llc,shipping_vm_netW,shipping_vm_netR,shipping_95th_latency,shipping_cont_cpu5s_avg,shipping_cont_memW5s_avg,shipping_cont_memR5s_avg,shipping_cont_netW5s_avg,shipping_cont_netR5s_avg,user_vm_util,user_perf_cpi,user_perf_llc,user_vm_netW,user_vm_netR,user_95th_latency,user_cont_cpu5s_avg,user_cont_memW5s_avg,user_cont_memR5s_avg,user_cont_netW5s_avg,user_cont_netR5s_avg,web_vm_util,web_perf_cpi,web_perf_llc,web_vm_netW,web_vm_netR,web_95th_latency,web_cont_cpu5s_avg,web_cont_memW5s_avg,web_cont_memR5s_avg,web_cont_netW5s_avg,web_cont_netR5s_avg
Jun02_blue_10_stream_high_3333423,1.4333333333333333,1.0338153151177847,317311.7619047619,0,0,19.5,0.004318887855556063,0,0,49.259659090909096,54.71237373737373,1.4777777777777779,1.03557856591537,299370.1904761905,0,0,79.0,0.005753953899999923,0,0,88.72268234492162,106.9893144344665,1.6666666666666667,1.0852581074086662,312502.14285714284,0,0,0,0,0,0,1.9277777777777778,74.31666666666666,1.6666666666666667,1.098315087504319,497772.2857142857,0,0,0,0.00448751709021865,0,0,102.13558136885511,103.23880678092317,1.6666666666666667,1.098315087504319,497772.2857142857,0,0,0,0.053479523593388964,0,0,8383.513671879342,90.39653632200772,29.600000000000005,1.176531648706795,2555867.904761905,0,0,1300.0,0.08421089313333173,0,242653.8666666667,15.911111111111113,291.787962962963,1.8,1.0451628265167312,254383.57142857142,0,0,0,0,0,0,22.808333333333334,23.836111111111112,1.2666666666666666,1.0418693386709845,159926.61904761905,0,0,185.0,0.00736849178888532,0,0,28.293518518518514,34.7925925925926,1.2,0.9983296810752256,116097.71428571429,0,0,0,0.0002688338666644091,0,0,0,85.41851851851851,1.4583333333333333,1.0648803104304365,417698.39285714284,0,0,83.0,0.07893090199882018,0,0,21320.943875523768,12703.482709396154,1.5833333333333335,1.058432918250975,366748.7142857143,0,0,53.0,0.00269097036666679,0,0,28.105555555555558,67.09722222222221,1.4555555555555557,1.0246868118037191,229797.14285714284,0,0,8.0,0.0012566509666663075,0,0,0,7702.255331088665
Jun02_green_15_stream_low_3113413,5.166666666666666,1.1845267364728649,785204.4561403509,0,0,19.5,0.010802202077775111,0,0,145.59470899470898,124.2951058201058,1.1666666666666667,1.004942092991703,123890.1052631579,0,0,24.0,0.016604734533340583,0,0,478.28055555555557,388.4222222222222,2.066666666666667,1.0516147191505445,261090.42105263157,0,0,0,0,0,0,0.11666666666666654,0.2799999999999997,1.9500000000000002,1.0978231439470938,417605.6842105263,0,0,0,0.0018149371333417248,11.377777777777775,0,0,0,1.9500000000000002,1.0978231439470938,417605.6842105263,0,0,0,0.13395911999997073,1170.2857142857142,0,52088.75277777777,162.32083333333333,1.5,1.0352894775499066,151199.47368421053,0,0,730.0,0.1110896579666587,0,0,158.31666666666666,465.5138888888889,1.5,0.9981735944167928,292259.5789473684,0,0,0,0,0,0,0,0,1.3111111111111111,0.9994019549224787,197755.05263157896,0,0,155.0,0.009530686711109916,0,0,99.44074074074075,119.02499999999999,1.8,1.013786593671352,139800.47368421053,0,0,0,0.0016153417000017117,0,0,0,0,1.7666666666666666,1.0641812110488065,437907.09210526315,0,0,160.0,0.1617269178333534,0,0,17418.524074074074,15496.439583333335,2.2666666666666666,1.0333835318104032,346044.7894736842,0,0,120.0,0.007512031133334556,0,0,0,0,2.211111111111111,1.0102984206085404,207744.64912280705,0,0,10.0,0.00886681521111162,0,0,46337.938888888886,100592.73313492064
Jun02_red_25_stream_medium_3333413,1.6666666666666667,1.0312384721029282,312161.57894736837,0,0,27.0,0.01071200240000078,0,0,129.08555555555554,111.53888888888889,2.1555555555555554,1.0592009599067735,355033.3859649123,0,0,100.0,0.010336805411109316,0,0,142.44907407407408,119.21944444444445,3.3333333333333335,1.1624126608425107,572631.3157894737,0,0,0,0.0070606049999923925,0,0,0,7.574999999999998,2.6,1.1292582073715307,516408.7368421053,0,0,0,0.006032653199999535,34.13333333333333,0,147.03194444444443,111.87500000000001,2.6,1.1292582073715307,516408.7368421053,0,0,0,0.20274381238339934,3083.3777777777777,0,83927.91805555555,561.25,2.022222222222222,1.014769338519551,229160.56140350876,0,0,660.0,0.011583114211107491,0,0,46.27920875420875,138.74276094276095,11.666666666666666,1.446933371124927,1836650.7894736843,0,0,0,0,0,0,44.31111111111111,43.644444444444446,4.7444444444444445,1.1525758836623767,687135.5964912281,0,0,210.0,0.006862543322224864,0,0,41.11018518518519,47.70185185185186,2.3333333333333335,0.9742417547443035,281003.6842105263,0,0,0,0.0034499559333350284,0,0,137.85714285714286,306.43809523809523,1.9166666666666665,1.0643150010687297,418286.84210526315,0,0,90.0,0.2479669457749727,0,0,50926.48263888889,36160.72986111111,2.3333333333333335,1.0515651065533138,346807.05263157893,0,0,130.0,0.01532379160000043,0,0,178.0583333333333,147.71944444444446,2.555555555555556,1.0389995385070259,372514.1228070175,0,0,66.0,0.01388892825555609,0,0,119983.89206349204,120048.73809523809
Jun02_red_10_stream_medium_1113413,1.7333333333333334,1.0534143598614776,274272.4736842105,0,0,17.0,0.018215398400002414,0,0,228.2388888888889,203.31666666666663,1.1333333333333333,0.9925020216320231,104768.05263157895,0,0,69.0,0.015275228366666246,0,0,381.96666666666664,0,1.9,1.028508512395683,227846.05263157896,0,0,0,0.006060821766664049,0,0,0,0,1.7999999999999998,1.0606254691495436,287863.63157894736,0,0,0,0.001407067433319753,0,0,0,0,1.7999999999999998,1.0606254691495436,287863.63157894736,0,0,0,0.15844314913333618,0,0,50224.03333333333,313.0444444444445,1.3666666666666667,1.0313435756163103,102133.26315789473,0,0,815.0,0.061452443733348135,0,0,0,591.6194444444444,1.7,1.0082018189339481,197158.8947368421,0,0,0,0.0023356392999024644,0,0,0,0,1.3444444444444443,0.9936003760376378,134428.05263157896,0,0,185.0,0.007463082100001531,0,0,14.486111111111112,44.078703703703695,1.3333333333333333,1.0260181821238676,133377.26315789475,0,0,0,0.0011863751666661903,0,0,94.52222222222223,155.01666666666668,1.5916666666666668,1.0557694787937593,291401.1710526316,0,0,76.0,0.08992451337776906,0,0,28978.33981481481,11055.609027777778,1.4666666666666666,1.0367922153012612,268533.5789473684,0,0,51.0,0.012836331133333564,0,0,116.33888888888889,97.6111111111111,1.6111111111111114,0.9953854963102277,156803.94736842104,0,0,14.0,0.007711760844444547,0,0,0,31144.209259259256
Jun05_green_15_iperf_high_3332322,22.811111111111114,1.000161699483537,4471660.476190476,0,0,23.0,0.005521182044439381,0,0,65.29753086419753,61.36296296296297,1.511111111111111,1.0409706070119007,240340.33333333334,0,0,68.0,0.007442730522225185,0,0,126.35833333333333,109.57222222222221,1.9333333333333333,1.0957387192574979,295982.71428571426,0,0,0,0,0,0,12.966666666666665,27.541666666666668,15.1,1.0600988200241124,4033296.5714285714,0,0,0,0.00823827709999705,91.02222222222221,0,35.74166666666667,39.35972222222223,15.1,1.0600988200241124,4033296.5714285714,0,0,0,0.08931813351673554,0,0,38018.487499999996,245.4777777777778,13.344444444444443,0.9718626386809827,1061943.0,0,0,4050.0,0.02015928615554906,0,0,30.621296296296293,204.99351851851853,1.6333333333333333,0.9973001818088013,226938.14285714287,0,0,0,0.023195869566552577,0,0,0,0,1.2,1.0428748537137218,113407.28571428571,0,0,180.0,0.02124588960000816,0,0,64.19583333333333,79.19444444444444,1.5666666666666667,0.9537502592799539,152961.2857142857,0,0,0,0,0,0,0,0,1.5666666666666664,1.0294181030213918,322383.2380952381,0,0,160.0,0.12560833268889837,0,0,48290.57870370371,25304.426851851855,1.7,1.0633481415563688,296892.64285714284,0,0,49.0,0.007540064599995351,0,0,27.709722222222226,25.336111111111112,1.7333333333333334,0.9572104659098584,180372.92857142858,0,0,28.0,0,0,0,0,34111.32777777778
Jun05_yellow_25_iperf_low_3312312,2.211111111111111,1.0265011174846626,319177.04761904763,0,0,24.0,0.008746141588892127,0,0,29.18444444444444,26.75666666666667,2.2555555555555555,1.0185156345906317,301164.8095238095,0,0,110.0,0.011693280088881944,0,0,52.74814814814815,44.82314814814814,2.3,1.12967669439946,409999.0,0,0,0,0,0,0,0,0,2.2333333333333334,1.1578590107359643,358400.0,0,0,0,0.002166824416675202,182.04444444444445,0,92.31111111111112,49.2611111111111,2.2333333333333334,1.1578590107359643,358400.0,0,0,0,0.128321678799936,0,0,35448.29722222222,219.8666666666667,26.466666666666665,0.8537708360751067,1288974.4285714286,0,0,1200.0,0.12755079910002678,0,0,0,0,2.1333333333333333,0.9592444635744196,288029.14285714284,0,0,0,0,0,0,0.6740740740740736,1.1407407407407402,2.05,0.9692798465717472,132033.42857142858,0,0,215.0,0.025216488949998467,0,0,0,0,2.466666666666667,1.03397697824607,159273.0,0,0,0,0,0,0,0,0,2.211111111111111,1.025633782002753,307951.28571428574,0,0,380.0,0.36154903219996615,0,0,85538.08055555557,49665.75833333334,2.4,1.0353350896981364,467331.4285714286,0,0,81.0,0.014889779433330358,0,0,201.34166666666667,168.6972222222222,2.8666666666666667,0.9942186791112451,245382.64285714287,0,0,77.0,0.003994705683328448,0,0,0,0
Jun05_red_10_stream_medium_1112312,1.5666666666666667,1.0551197073454348,227765.57142857142,0,0,17.5,0.016902485633325644,0,0,319.1777777777778,281.31111111111113,1.6666666666666667,0.9967733283838288,107204.28571428571,0,0,54.0,0.023243928866660706,0,0,0,0,1.6666666666666667,1.090153950375844,431311.28571428574,0,0,0,0,0,0,2.3111111111111113,26.688888888888886,1.55,1.1140973763817623,347913.14285714284,0,0,0,0.002767749300005561,147.91111111111113,0,151.62222222222223,54.81805555555556,1.55,1.1140973763817623,347913.14285714284,0,0,0,0.08342850101665439,0,0,27330.29375,178.30208333333331,1.4333333333333333,0.995314004105311,127549.28571428571,0,0,1200.0,0.07090084593331387,0,0,118.94722222222221,653.1611111111112,9.4,1.559593722995425,1717728.5714285714,0,0,0,0,0,0,0,0,1.55,0.9867981849990098,111540.14285714286,0,0,160.0,0.00647405474999232,0,0,76.01388888888889,89.40416666666665,1.9666666666666666,1.036500874608065,261122.85714285713,0,0,0,0.0014408378666682133,0,0,0,58.118181818181824,1.6222222222222225,1.0360833617208611,258394.19047619044,0,0,93.0,0.10132004221665436,0,0,22559.972222222223,10273.716666666669,1.6333333333333333,1.0218808663884844,229369.57142857142,0,0,82.0,0.005595685433324131,0,0,110.58611111111111,91.53055555555555,1.9333333333333331,0.9793915850188355,254562.92857142858,0,0,8.0,0.004289573433330436,0,0,0,0
Jun05_blue_10_stream_medium_3312312,1.5999999999999999,1.0201555822387394,245722.61904761905,0,0,32.5,0.005550944583333717,0,0,71.9540404040404,62.28093434343434,4.922222222222222,1.1826104951579026,747212.2857142858,0,0,93.0,0.006545989388892319,0,0,96.51666666666665,80.35740740740741,1.4666666666666666,1.0308388966359365,224743.57142857142,0,0,0,0,0,0,0.35238095238095163,0.7142857142857143,1.4666666666666666,1.0646738126846245,243321.57142857142,0,0,0,0,0,0,90.06666666666666,63.29305555555555,1.4666666666666666,1.0646738126846245,243321.57142857142,0,0,0,0.11029680901653288,546.1333333333333,0,16450.734722222223,116.85416666666667,1.5666666666666667,1.0182887507607183,171819.7142857143,0,0,690.0,0.041664767233335925,0,0,0,0,1.9666666666666666,0.9562340880879797,251438.2857142857,0,0,0,0,0,0,0,0.5555555555555554,1.2666666666666666,0.9835706305056386,185401.0,0,0,150.0,0.00822755585001005,0,0,45.322222222222216,53.56111111111111,2.0,1.02431006109044,155938.14285714287,0,0,0,0.0024699046385117515,0,0,35.261738838605915,59.96449396430886,1.7666666666666666,1.0193559550366447,259771.8095238095,0,0,150.0,0.08550806615561062,0,0,4352.465277777777,10679.908333333333,1.7333333333333334,1.0131517209135021,246839.57142857142,0,0,88.0,0.00554016529999899,0,0,106.18055555555556,89.99722222222222,1.8166666666666667,0.9873958507575489,149523.85714285716,0,0,22.0,0.015276127012018642,0,0,88354.29256634996,88539.19316625956
Jun05_yellow_10_iperf_low_3212312,9.6,0.99824754992251,751957.0476190476,0,0,28.0,0.006059078277775458,0,0,0,0,2.8833333333333333,1.02277444459803,280425.4285714286,0,0,76.0,0.00906430456667735,0,0,206.7,169.45555555555558,2.6,1.0941245001678028,390403.85714285716,0,0,0,0.003844638333331811,0,0,0,0,2.066666666666667,1.1120374781028999,316987.14285714284,0,0,0,0.0033305823999948327,11.377777777777775,0,30.55,20.68888888888889,2.066666666666667,1.1120374781028999,316987.14285714284,0,0,0,0.10306290779996441,0,0,1368.9416666666668,34.76111111111111,3.5,0.9723066602849608,228941.57142857142,0,0,790.0,0,0,0,0,0,3.2333333333333334,0.950096339748505,333500.14285714284,0,0,0,0,0,0,0,0,2.6166666666666667,0.9424104996975218,128551.14285714287,0,0,120.0,0.009164431033328431,0,0,54.75,25.870833333333334,2.1333333333333333,1.0241084356756216,194185.0,0,0,0,0.0018578851691825131,0,0,62.652715549332704,107.9109944327766,2.388888888888889,1.0153622763954164,319034.0952380952,0,0,170.0,0.19548435525553534,0,0,50236.88888888888,25155.937962962966,1.8333333333333333,1.0192302408048197,376628.4285714286,0,0,130.0,0.006134720433328767,0,0,0,0,13.983333333333333,0.9601593215931763,868948.1428571428,0,0,33.0,0.01747770900000205,0,0,0,142213.86111111112
Jun05_yellow_25_stream_medium_3212312,1.9555555555555557,1.0103445943500784,371932.7619047619,0,0,20.0,0.007704834533334785,0,51905.42222222224,75.17999999999999,68.65666666666667,1.9,1.0114938526115629,278657.7857142857,0,0,97.0,0.012317881916657097,0,0,184.72083333333333,151.55416666666667,1.7,1.0859471434417998,431402.14285714284,0,0,0,0.005865809000003231,0,0,0.980952380952381,3.4416666666666664,1.5833333333333333,1.1329145901018396,388419.2142857143,0,0,0,0.006772380749993091,34.13333333333333,0,138.07638888888889,94.84444444444443,1.5833333333333333,1.1329145901018396,388419.2142857143,0,0,0,0.18040006810000098,1854.5777777777778,0,58498.09583333333,425.97222222222223,83.0,1.3465335915519474,3633357.285714286,0,0,2250.0,0.10943241766666081,0,0,259.56388888888887,768.4472222222222,2.2333333333333334,0.9607732739807128,304092.5714285714,0,0,0,0.002516416966682297,0,0,0,37.58611111111111,1.85,0.9774258236792777,122411.07142857142,0,0,195.0,0.012072603750016241,0,0,100.51111111111112,119.11944444444445,1.8666666666666667,0.9913803344743196,234011.85714285713,0,0,0,0.002933729899996252,0,0,182.88095238095235,309.0047619047619,2.1,1.0280139937689168,453253.71428571426,0,0,480.0,0.09834241729998515,0,0,46145.4375,34493.13055555556,1.6666666666666667,1.0398332713999505,481267.85714285716,0,0,200.0,0.015255355400010254,0,0,150.13333333333333,122.04722222222223,2.283333333333333,0.964541596169862,311516.5,0,0,26.0,0.024003873633341756,0,0,168480.61904761908,168302.77142857146
Jun05_yellow_10_iperf_medium_3212312,10.133333333333335,1.0384756071533559,967282.9047619047,0,0,38.0,0.009405652655556826,0,0,140.10555555555555,118.53194444444443,2.5833333333333335,1.0168237928195794,292813.2857142857,0,0,83.0,0.009485239349994855,0,0,201.01944444444447,161.87777777777777,1.9666666666666666,1.102374149570375,437116.5714285714,0,0,0,0,0,0,0,0,1.7333333333333334,1.116065232603538,342835.4285714286,0,0,0,0.004343941883331582,148.94545454545457,0,137.44166666666666,106.02916666666667,1.7333333333333334,1.116065232603538,342835.4285714286,0,0,0,0.08633781924995673,1774.9333333333334,0,31936.608333333334,179.1597222222222,27.733333333333334,0.9314825212839243,1824516.4285714286,0,0,1000.0,0.14240309606666413,0,0,433.40277777777777,2386.8444444444444,2.933333333333333,0.9402568116017003,380148.71428571426,0,0,0,0,0,0,0,9.822222222222223,2.45,0.9552191068874406,123375.21428571429,0,0,140.0,0.009291964766665236,0,0,111.46111111111111,124.92777777777779,1.2333333333333334,1.0541410442996433,187347.7142857143,0,0,0,0.0020044890333338118,0,0,82.52857142857142,141.27619047619046,2.5444444444444447,1.011205874728826,372737.6190476191,0,0,210.0,0.121721900011087,0,0,37850.05,19063.82685185185,2.5,1.015188374414999,503441.4285714286,0,0,420.0,0.007358219366665253,0,0,0,0,14.166666666666668,0.9999435420900518,1221692.357142857,0,0,37.0,0.018553759533331986,0,0,380551.3666666667,121783.74999999999
Jun05_blue_25_iperf_medium_3332322,1.7666666666666666,1.006292171192649,304422.47619047615,0,0,27.0,0.010008491366665517,0,0,141.27453703703705,47.06388888888889,7.933333333333334,1.0715623898974826,703584.2857142858,0,0,100.0,0.013280459711111489,0,0,209.00648148148147,174.2962962962963,1.8,1.1035810483864499,327554.4285714286,0,0,0,0,0,0,0,0,1.7333333333333334,1.1303949084056102,332377.14285714284,0,0,0,0.0056301131000054735,85.33333333333334,0,68.96111111111111,53.65833333333334,1.7333333333333334,1.1303949084056102,332377.14285714284,0,0,0,0.18502079480000855,1657.9047619047617,0,87014.42499999999,540.8916666666667,14.633333333333333,1.0298486189397453,5274388.047619048,0,0,760.0,0.04498048707778252,0,0,94.19537037037037,57.479629629629635,1.2,1.0431733240033516,277879.85714285716,0,0,0,5.5067000115134254e-05,0,0,0,0,1.3333333333333335,1.0294614768306303,99003.35714285714,0,0,150.0,0.013867774250002187,0,0,194.60972222222222,232.90555555555557,2.7,0.9951272215245446,212899.7142857143,0,0,0,0.0011470230666645875,0,0,0,48.077777777777776,1.9555555555555557,1.0187115405274403,391663.0,0,0,650.0,0.3141682934555825,0,0,83254.9,30232.112962962958,1.8833333333333333,1.0384058091696673,397919.2142857143,0,0,110.0,0.008185865749994588,0,0,75.86111111111111,63.747222222222234,2.466666666666667,0.9645676570131204,216602.2857142857,0,0,96.0,0.017156766983339365,0,0,87770.8,58450.58611111111
Jun02_yellow_10_iperf_high_3333433,21.188888888888886,1.0376587580575956,2066122.6666666667,0,0,30.0,0.009561944544443831,0,0,97.784126984127,79.37738095238096,2.6444444444444444,1.009480771739832,293186.4285714286,0,0,46.0,0.004614276366663717,0,0,153.31388888888887,131.4763888888889,2.4,1.0796589388143707,394217.71428571426,0,0,0,0.002523133033336459,0,0,2.388888888888889,2.386111111111111,1.8833333333333333,1.0937229070611092,372951.5714285714,0,0,0,0.0027144351999960274,11.377777777777775,0,54.89097222222222,43.45138888888889,1.8833333333333333,1.0937229070611092,372951.5714285714,0,0,0,0.06380121938336364,0,0,31842.604166666664,225.4638888888889,24.522222222222222,0.9930697014372911,2595353.5714285714,0,0,815.0,0.0318401332444359,0,0,86.35537037037038,263.45851851851853,2.4,0.9990700457130954,328550.14285714284,0,0,0,0,0,0,0,0,2.0999999999999996,0.9873556933433516,187366.33333333334,0,0,120.0,0.0061586202333337,0,0,46.03796296296296,55.34814814814814,2.4,1.0103711051327553,163740.7142857143,0,0,0,0.0008508813000048573,0,0,96.83333333333333,120.57499999999999,1.7416666666666667,1.0510402094454587,331023.64285714284,0,0,98.0,0.11217960469999752,0,0,12887.595694444444,14983.600277777776,2.3222222222222224,1.0222670644502847,297371.61904761905,0,0,18.0,0.0022282308333331402,0,0,33.31944444444444,29.39814814814815,10.088888888888887,1.0436703347944691,1016222.3333333331,0,0,24.0,0.003730623066667249,0,0,18092.117460317462,46291.49806397306
Jun05_yellow_25_iperf_medium_3112312,10.555555555555555,0.9806847274101188,1024031.0476190476,0,0,23.0,0.012273803777778702,0,0,236.31626984126981,205.37096560846558,2.2666666666666666,0.9782858702841093,151502.14285714287,0,0,65.0,0.04698366116666269,0,0,640.6083333333332,522.1944444444445,1.9,1.103262322983657,276539.0,0,0,0,0.00738538413333269,0,0,0,0,1.6833333333333331,1.1393558989631503,283687.7857142857,0,0,0,0.002039469999999711,0,0,0,0,1.6833333333333331,1.1393558989631503,283687.7857142857,0,0,0,0.16892444103330795,0,0,52171.99166666667,330.94583333333327,27.866666666666667,0.9402931637119009,2211622.714285714,0,0,870.0,0.1360617768666998,0,0,146.24166666666665,434.89166666666665,1.9666666666666666,0.9786596248598044,239958.0,0,0,0,0.04430688609985131,0,0,7.074999999999999,7.519444444444445,1.8,1.0007179160006683,109860.78571428571,0,0,170.0,0.016240973666655615,0,0,125.74305555555557,148.1138888888889,2.3666666666666667,0.9892031656096671,160056.0,0,0,0,0.002023033000000396,0,0,0,0,2.2555555555555555,1.0148506432936497,420691.2380952381,0,0,170.0,0.25533271272371943,0,0,40407.49611362286,33117.648915160535,1.7666666666666666,1.0197156231654187,427454.5714285714,0,0,65.0,0.007979191366666784,0,0,37.977777777777774,31.358333333333334,14.950000000000001,0.9349904454076132,1188943.0714285714,0,0,48.0,0,0,0,80326.35625000001,80359.15625
Jun05_green_15_iperf_medium_3332312,10.700000000000001,0.9785202707634545,4331360.285714286,0,0,28.0,0.004965393677778391,0,0,104.41613756613755,55.79074074074074,1.3999999999999997,1.0408937653145567,213507.33333333334,0,0,34.0,0.005329255488884302,0,0,121.29305555555555,103.62083333333334,1.6666666666666667,1.0579689959091805,236278.14285714287,0,0,0,0,0,0,0,0,15.583333333333334,1.055349001401111,5524646.428571429,0,0,0,0.009187204133335552,79.64444444444446,0,34.97777777777778,24.811111111111114,15.583333333333334,1.055349001401111,5524646.428571429,0,0,0,0.08196064036680278,1774.9333333333332,0,35216.325,243.58611111111114,12.722222222222223,0.9739770175253483,1519581.1904761903,0,0,4050.0,0.031126422644416053,0,0,105.42089947089947,489.4083333333333,1.2666666666666666,0.9974511723381934,291627.4285714286,0,0,0,0.08078811259996048,0,0,2.5666666666666664,4.783333333333333,1.1333333333333333,1.0295875103607983,95644.5,0,0,170.0,0.00848143491667391,0,0,23.329166666666666,0,1.8333333333333333,0.9871672921058253,170288.2857142857,0,0,0,0.0014759537434712714,0,0,0,0,1.5,1.0335293399523156,372122.0476190476,0,0,120.0,0.11514914293333682,0,0,12701.764814814815,6179.780555555554,1.3333333333333333,1.0185368221283162,230434.57142857142,0,0,49.0,0.004472505000004882,0,0,54.78333333333333,49.394444444444446,1.9833333333333334,0.964693724858428,196385.2142857143,0,0,15.0,0.00674452558334148,0,0,0,42288.19931729519
Jun05_red_10_iperf_medium_3332312,1.6000000000000003,1.0005062797669249,314231.2380952381,0,0,29.5,0.004235420488889633,0,0,24.697619047619046,26.52592592592593,1.3222222222222222,1.022160089671996,190789.85714285716,0,0,65.0,0.0034325356333368973,0,0,46.61296296296297,38.617592592592594,1.5333333333333334,1.0488911748889416,208357.85714285713,0,0,0,0,0,0,0,0,1.4666666666666668,1.0753749478723358,244336.57142857142,0,0,0,0.001845269216668536,81.29939393939394,0,21.14027777777778,12.329166666666666,1.4666666666666668,1.0753749478723358,244336.57142857142,0,0,0,0.06891428506666367,0,0,28659.740277777775,160.01666666666665,1.4777777777777779,0.9766667576117168,287620.8095238095,0,0,3600.0,0.016767555699994257,0,0,26.48888888888889,98.06388888888888,2.7333333333333334,0.936840802445077,425409.0,0,0,0,0.07510355443349302,0,0,0,0,1.1333333333333333,1.0018354804326863,103725.07142857142,0,0,155.0,0.006433234683326342,0,0,34.349999999999994,44.14583333333334,1.9333333333333333,0.9802454186605047,176099.7142857143,0,0,0,0.00015987496889599594,0,0,0,0,1.6777777777777778,1.0289572558852045,334546.5238095238,0,0,120.0,0.1289759884666637,0,0,38571.65740740741,15520.149629629632,1.6,1.0396294606328476,380599.71428571426,0,0,120.0,0.005667440633336204,0,0,0,0,1.7166666666666668,0.9573873443810044,223057.0,0,0,10.0,0.010954557226885094,0,0,81620.51280604531,56289.112222851574
Jun05_yellow_15_iperf_high_1112312,1.6,1.1035205616315198,298214.0,0,0,22.0,0.03703922376666924,0,0,1005.1222222222223,889.6555555555556,2.1666666666666665,0.9339618996915628,163097.0,0,0,88.0,0.00863238196666316,0,0,185.04722222222222,150.07222222222222,1.7,1.0685028715828335,417531.4285714286,0,0,0,0.007121272800009138,0,0,1.3809523809523816,8.202777777777778,1.5833333333333333,1.1000607237581443,335754.35714285716,0,0,0,0.0018463753499853896,29.47878787878789,0,302.30833333333334,111.23611111111113,1.5833333333333333,1.1000607237581443,335754.35714285716,0,0,0,0.08254984824998246,455.1111111111111,0,14958.566666666666,104.4888888888889,26.2,0.9781793623924487,2069669.5714285714,0,0,1200.0,0.03929064519998064,0,0,35.06388888888889,175.13888888888889,2.2666666666666666,0.9633815344423216,212063.85714285713,0,0,0,0,0,0,16.79722222222222,16.619444444444444,1.8833333333333333,0.9492850122556109,151935.2142857143,0,0,165.0,0.00556512829999368,0,0,48.30694444444444,54.36944444444445,1.6666666666666667,1.0832864507338071,164922.14285714287,0,0,0,0.002454994694619324,0,0,144.6952380952381,233.94761904761907,1.8888888888888886,1.04354547989705,428236.1428571429,0,0,110.0,0.11113270720001717,0,0,23763.478703703702,19592.11851851852,1.7666666666666666,1.0779330021240774,401935.85714285716,0,0,66.0,0.012758185266670807,0,0,155.62777777777777,128.88333333333335,12.816666666666666,1.0529246436731867,1567549.7857142857,0,0,62.0,0.016696013716663554,0,0,68137.92857142857,68047.00714285714
Jun02_red_15_iperf_high_3333423,9.38888888888889,1.0389151576020133,632481.0952380953,0,0,22.0,0.01364407052222355,0,0,183.96388888888887,167.9817901234568,1.5555555555555556,1.0632560160048212,258541.33333333334,0,0,61.0,0.011365287780322792,0,0,162.78677411789394,133.66741376437258,2.1333333333333333,1.1078630719150677,241379.0,0,0,0,0.00130120362719547,0,0,0,0,2.1166666666666667,1.117176218868046,317567.85714285716,0,0,0,0.0025605557051367476,0,0,113.74722222222222,77.14861111111111,2.1166666666666667,1.117176218868046,317567.85714285716,0,0,0,0.13315570440272187,2184.5333333333333,0,41134.632189311036,270.2603913236683,8.644444444444444,1.0300888625553852,548601.8095238096,0,0,1000.0,0.05546202256666106,0,0,171.67962962962963,878.8305555555556,1.5333333333333334,1.0783879715487052,285760.14285714284,0,0,0,0,0,0,0,0,1.3222222222222222,1.056831655099119,178483.0476190476,0,0,140.0,0.011290104966663725,0,0,148.3152777777778,173.47499999999997,1.9333333333333333,1.023858428488239,163184.85714285713,0,0,0,0.001845565300000847,0,0,0,118.55757575757576,1.8833333333333333,1.0783241482144792,418850.3928571429,0,0,160.0,0.158421774283327,0,0,58373.19097222222,25919.097222222223,1.9833333333333334,1.082039555462546,274168.2142857143,0,0,80.0,0.005294004709540043,0,0,42.565753161510116,35.34773000796164,2.1222222222222222,1.0555034924435616,234012.2857142857,0,0,14.0,0.006583370822224627,0,0,52019.31296296296,52717.58714187774
Jun02_blue_25_stream_low_3333423,2.1777777777777776,1.0339911671213147,358964.8571428571,0,0,23.0,0.01605336145555422,0,0,200.64814814814818,205.86666666666667,4.944444444444445,1.2147902283105925,730247.761904762,0,0,98.0,0.012620740167631839,0,0,198.10416666666666,183.7125,2.6,1.1550520236997595,388085.28571428574,0,0,0,0.0047048227333344045,0,0,0,0,2.283333333333333,1.141447856980843,408062.35714285716,0,0,0,0.006789440950003939,0,0,173.39722222222224,138.67083333333335,2.283333333333333,1.141447856980843,408062.35714285716,0,0,0,0.18752659495002033,2243.047619047619,0,35747.96666666667,248.18472222222226,1.8333333333333333,1.019678757611297,304483.0952380952,0,0,755.0,0.05868095243333029,0,0,231.79043209876542,737.33487654321,1.5333333333333334,1.0576337299635925,287831.28571428574,0,0,0,0,0,0,0,0,1.3444444444444443,1.0491549294331814,181745.2857142857,0,0,225.0,0.01512867356667016,0,0,130.31203703703704,153.9462962962963,1.7333333333333334,0.9652853580993204,163712.85714285713,0,0,0,0.0019101978333348293,0,0,0,0,2.158333333333333,1.0771502805931898,393882.0714285715,0,0,200.0,0.28729798363331915,0,0,44199.27222222222,21769.50625,2.3,1.1060981474906164,400833.0714285715,0,0,90.0,0.01081701746666699,0,0,116.72361111111113,97.07638888888889,2.1999999999999997,1.0408477740603357,263961.380952381,0,0,20.0,0.01942770402222196,0,0,101278.32037037036,94810.68592592592
Jun02_yellow_20_stream_medium_2113413,5.45,1.2639428903919687,1030248.9473684211,0,0,25.0,0.024029815100003064,0,0,306.01944444444445,269.27777777777777,1.5,1.0061904846529266,138302.57894736843,0,0,85.0,0.018898843466672588,0,0,360.6388888888889,293.92777777777775,2.7,1.0544882105106406,275782.5789473684,0,0,0,0,0,0,1.0777777777777777,7.361111111111111,2.2,1.0894306750270029,349382.8157894737,0,0,0,0.009453619433331065,0,0,208.29999999999998,72.61666666666667,2.2,1.0894306750270029,349382.8157894737,0,0,0,0.07535819581670086,0,0,89856.54999999999,658.9611111111111,8.433333333333334,1.5985794252804189,2799052.4736842103,0,0,840.0,0.1482617830000284,0,0,351.7472222222222,1054.627777777778,1.7,1.029098121087614,275174.15789473685,0,0,0,0,0,0,0,0,1.3444444444444443,1.002312553855238,163879.01754385963,0,0,220.0,0.00717536691111794,0,0,67.02407407407406,94.85833333333333,2.066666666666667,1.003607426266825,124816.78947368421,0,0,0,0.000783903869400894,0,0,0,326.8480402612985,1.8833333333333333,1.0709415865083751,420357.4210526316,0,0,240.0,0.07519114379167224,0,0,10181.375,12753.094444444445,2.433333333333333,1.048620176932296,496791.1052631579,0,0,90.0,0.015831142333339206,0,0,184.38055555555556,157.12777777777777,4.577777777777778,1.1582477481683116,678219.2105263158,0,0,72.0,0.015039250644442996,0,0,92758.01666666666,105330.09520153765
Jun05_blue_10_iperf_low_3312312,1.888888888888889,1.0109298457182447,277518.8571428571,0,0,25.5,0.0053087505222205456,0,0,86.45648148148148,76.10138888888888,10.966666666666667,1.0728857388300694,1350671.3809523808,0,0,84.0,0.006085013766658578,0,0,35.62929292929294,29.541414141414148,2.6666666666666665,1.0727515971005046,356163.71428571426,0,0,0,0.0034593669333313898,0,0,0,0.8,2.216666666666667,1.0855287336839243,283774.64285714284,0,0,0,0.004682468266643506,28.444444444444446,0,0,16.043055555555558,2.216666666666667,1.0855287336839243,283774.64285714284,0,0,0,0.2045208222499544,0,0,76417.19027777779,462.93055555555554,3.066666666666667,0.982289914251911,222594.14285714287,0,0,780.0,0.0779005785000057,0,0,232.21111111111114,757.5944444444444,3.466666666666667,0.9577919663409113,276867.4285714286,0,0,0,0,0,0,18.825000000000003,18.91388888888889,2.8,0.9612270660783794,140624.7857142857,0,0,135.0,0.00830868482021566,0,0,102.16235320912355,122.1201288204513,2.1333333333333333,0.9979571772312456,163828.57142857142,0,0,0,0.001070648966670736,0,0,0,101.9,2.5666666666666664,1.021628089175098,311270.7142857143,0,0,180.0,0.22327977535188784,0,0,47041.97685185185,33902.48425925926,2.4,1.0563600394444805,306277.28571428574,0,0,67.0,0.0035981746666720934,0,0,0,0,2.1166666666666667,0.9760061266997029,178266.35714285716,0,0,20.0,0.011019459066657569,0,0,23426.90208333333,23353.762500000004
Jun02_green_25_stream_high_3213413,30.222222222222218,1.1790648526002734,2251301.052631579,0,0,55.0,0.06512218382222273,0,9.313225746154786e-11,227.60899470899471,202.3920634920635,1.7166666666666668,1.0522587797509975,200580.6842105263,0,0,83.0,0.009397561633332607,0,0,194.6263888888889,159.28750000000002,2.3666666666666667,1.112885266383294,281350.4736842105,0,0,0,0.012790478566667691,0,0,4.772222222222223,49.27222222222223,1.9666666666666668,1.1046872192679582,353678.52631578944,0,0,0,0.002773627450000049,144.11851851851853,0,40.80277777777778,28.40416666666667,1.9666666666666668,1.1046872192679582,353678.52631578944,0,0,0,0.1825041097999853,10717.866666666667,0,20644.916666666664,186.83888888888887,1.4,1.0133179014527733,250068.8947368421,0,0,1400.0,0.08167311023335058,0,0,0,1053.7277777777779,1.8,1.0101075651808622,300867.5789473684,0,0,0,0,0,0,24.36944444444444,24.152777777777775,1.3333333333333333,0.99052796384504,173694.73684210525,0,0,190.0,0.011510464911115528,0,0,114.62916666666666,135.74722222222223,1.6333333333333333,1.0128298676332832,156152.63157894736,0,0,0,0.002114526947457591,0,0,0,0,1.6583333333333332,1.0441624424464644,383529.7894736843,0,0,150.0,0.13693637395558148,0,0,7224.077083333334,17069.567361111112,1.6333333333333333,1.0221975740538451,331338.3157894737,0,0,90.0,0.009217259766675548,0,0,138.9888888888889,116.84166666666665,2.011111111111111,1.027842475755821,199023.92982456143,0,0,52.0,0.016376966077777725,0,0,22874.92777777778,25954.624074074076
Jun02_green_25_stream_high_3323413,30.655555555555562,1.1874853448673386,2526513.456140351,0,0,93.0,0.07492598404444695,0,377183.08571428567,153.21666666666667,235.03670634920636,1.8222222222222222,1.0601092273589208,260702.54385964913,0,0,78.0,0.013758694411109692,0,0,242.12962962962965,200.29722222222222,2.7333333333333334,1.1096518010406466,399443.5263157895,0,0,0,0.00031910469999729685,0,0,0,0,2.1833333333333336,1.114904848007975,382495.5,0,0,0,0.005687172383337233,79.64444444444445,0,157.175,116.59722222222223,2.1833333333333336,1.114904848007975,382495.5,0,0,0,0.1455038062500686,11576.07619047619,0,31570.291666666668,238.33611111111114,1.4333333333333333,1.0448940044844282,249401.4736842105,0,0,740.0,0.03923140174999986,0,0,97.46111111111111,761.4972222222223,1.6666666666666667,1.0544703624313714,258788.68421052632,0,0,0,0,0,0,0,0,1.2666666666666666,1.041371340000631,160867.77192982455,0,0,225.0,0.009998129933333327,0,0,24.19444444444444,29.791666666666668,1.5333333333333334,1.011963248652026,179199.73684210525,0,0,0,0.0028482985333312177,0,0,0,98.42592592592592,1.5833333333333335,1.065389543944455,378945.02631578944,0,0,260.0,0.12294710761674044,0,0,22010.61666666667,12941.776388888888,1.5666666666666667,1.0669099240847149,370119.6842105263,0,0,100.0,0.0058990727999950355,0,0,0,0,2.066666666666667,1.0330145547383556,262761.8070175439,0,0,16.0,0.011139497677779926,0,0,39557.195238095235,83233.08441358025
Jun02_green_20_iperf_medium_3213413,9.88888888888889,1.0074942545780985,4847573.947368421,0,0,41.5,0.01042545807777818,0,0,309.05476190476196,216.4346560846561,1.5333333333333332,1.047652643830977,227544.02631578947,0,0,82.0,0.01113913788333054,0,0,296.51388888888886,243.3305555555556,1.9,1.1021375617457227,328659.5789473684,0,0,0,0.010771415466664772,0,0,0,53.28888888888889,2.0,1.1176782985675844,415647.1842105263,0,0,0,0.007940562866663944,75.09333333333333,0,160.5402777777778,114.23055555555557,2.0,1.1176782985675844,415647.1842105263,0,0,0,0.23220589526664148,0,0,48405.430555555555,267.60833333333335,1.3,0.9926007319411531,172039.7894736842,0,0,590.0,0.10562583030002011,0,0,0,1400.4388888888889,1.7333333333333334,1.0066085480667006,350096.15789473685,0,0,0,0,0,0,1.4190476190476196,2.1809523809523808,1.277777777777778,1.001140191688994,198495.8245614035,0,0,150.0,0.009719707188888706,0,0,75.20370370370371,87.31574074074074,2.033333333333333,0.9944360981089004,157160.73684210525,0,0,0,0.001450011400000525,0,0,0,122.85,1.9583333333333335,1.064813709939307,427576.7631578948,0,0,770.0,0.06797326581668131,0,0,8088.360185185185,4511.367592592592,1.8666666666666667,1.0224700005810246,316273.8947368421,0,0,92.0,0.014194710999989486,0,0,152.90833333333333,129.53611111111113,2.011111111111111,1.0311500791645836,212280.91228070177,0,0,21.0,0.011057388366666346,0,0,162610.71755952382,121242.90826719579
Jun05_green_10_iperf_low_3112312,1.8,1.016071426094337,300598.2380952381,0,0,22.0,0.008802065100001026,0,9.313225746154786e-11,110.79351851851851,97.2638888888889,2.4,0.9721614861706189,149351.42857142858,0,0,68.5,0.01035638726666548,0,0,281.8277777777777,234.0861111111111,1.8333333333333333,1.0290284681673711,301867.14285714284,0,0,0,0,0,0,0,0,15.0,0.9880085819339584,5117408.785714286,0,0,0,0.01703410550000323,95.57333333333334,0,203.68055555555554,71.95694444444445,15.0,0.9880085819339584,5117408.785714286,0,0,0,0.18935582011671004,0,0,65270.058333333334,405.95972222222224,2.3,0.973323854287398,150145.57142857142,0,0,700.0,0.10049650243333114,0,0,223.76388888888889,672.2472222222221,2.6,0.9452210820461858,280388.14285714284,0,0,0,0.05702881003332246,0,0,0,0.2833333333333332,2.0,0.9783911492076038,134677.7142857143,0,0,150.0,0.010208992616674096,0,0,58.11944444444445,66.73194444444445,2.066666666666667,0.995131214335847,184145.57142857142,0,0,0,0.0022668031688563364,0,0,61.16108524096721,100.87656997989626,2.1,0.9992021204446543,352290.28571428574,0,0,170.0,0.13695408465003614,0,0,43458.188888888886,17167.506944444445,2.0,0.988000283140148,318742.14285714284,0,0,98.0,0.010646575866659685,0,0,94.75277777777778,81.60833333333333,2.066666666666667,0.973738505529146,180876.35714285716,0,0,30.0,0.01268269854365435,0,0,175092.8035156785,175162.66644454905
Jun05_red_10_iperf_medium_3212312,1.8,0.9965506853671139,291614.52380952385,0,0,27.0,0.008153554099999698,0,0,176.4951058201058,155.08981481481482,1.6333333333333333,1.047676690611008,263673.0,0,0,82.0,0.009550332016666316,0,0,150.38611111111112,124.34305555555557,1.7,1.1068588130722519,370656.4285714286,0,0,0,0.001065561366673743,0,0,0.6969696969696968,17.894444444444446,1.5333333333333332,1.0999845040010887,321319.35714285716,0,0,0,0.007174533100002614,80.67878787878789,0,89.30555555555554,62.17777777777777,1.5333333333333332,1.0999845040010887,321319.35714285716,0,0,0,0.13797701433331894,329.9555555555556,0,46751.85277777777,245.8847222222222,1.5333333333333334,1.0061412829357608,216938.57142857142,0,0,755.0,0.13026136409998798,0,0,0,0,20.833333333333332,1.1606478293004794,9041917.285714285,0,0,0,0,0,0,0,0,1.2666666666666666,1.0131045484258823,99875.07142857143,0,0,150.0,0.008215792499993314,0,0,65.10416666666666,76.11666666666667,1.9333333333333333,0.9910571231644075,224045.85714285713,0,0,0,0.001546814499996193,0,0,0,0,1.7777777777777777,1.0023268404595593,335731.2380952381,0,0,98.0,0.25445267534442895,0,0,35286.017592592594,20369.272222222222,1.4333333333333333,1.0154100872318244,307033.85714285716,0,0,57.0,0.009847727266674156,0,0,0,0,2.0833333333333335,0.9733331664228817,226791.14285714284,0,0,34.0,0.010466178116663134,0,0,13135.935714285708,82088.2720238095
Jun05_green_15_stream_low_2112312,1.75,1.0054103113685633,311367.9285714286,0,0,22.5,0.009955348216663041,0,0,210.19833333333335,187.69333333333333,1.4666666666666666,0.968916096422063,145649.57142857142,0,0,84.0,0.03157753366665474,0,0,533.8444444444444,432.3083333333332,1.3333333333333333,1.077277022432392,247378.7142857143,0,0,0,0,0,0,0,0,1.5499999999999998,1.1206791398305294,339444.35714285716,0,0,0,0.0038357105333451124,0,0,0,0,1.5499999999999998,1.1206791398305294,339444.35714285716,0,0,0,0.08394931548338413,0,0,6397.415277777777,32.53333333333333,1.4333333333333333,0.9966390192072502,227275.42857142858,0,0,1800.0,0.05399269926668542,0,0,333.76666666666665,1808.3111111111111,1.3333333333333333,0.9826674116841881,304547.85714285716,0,0,0,0.0027458163333600773,0,0,38.65833333333333,38.11944444444444,1.4666666666666668,0.9657760564326568,169902.57142857142,0,0,160.0,0.013942602090817859,0,0,78.95277777777777,95.98055555555557,2.2333333333333334,0.9665155319089879,165841.85714285713,0,0,0,0.0008193218999925497,0,0,0,22.64242424242424,1.777777777777778,1.0526887294285505,372959.6666666667,0,0,170.0,0.165291228388863,0,0,30848.55925925926,17583.65833333333,1.7333333333333334,1.0540799693044798,243033.85714285713,0,0,110.0,0.014516069666660771,0,0,179.65833333333333,151.06944444444443,2.166666666666667,0.9549368917071104,209683.5,0,0,27.0,0.009683462616665868,0,0,0,19210.8
Jun05_blue_15_iperf_high_3332322,10.488888888888889,0.9684423461281227,1098551.1428571427,0,0,28.0,0.00940387841479017,0,0,111.89922839506171,79.99884070962548,9.799999999999999,1.034915591385608,737794.2857142858,0,0,62.0,0.010127856856431975,0,0,110.93583904686766,96.0547657543532,1.6333333333333333,1.1036563185678212,298978.71428571426,0,0,0,0.007897647999993752,0,0,4.192592592592594,8.866666666666667,1.5833333333333335,1.1074806733457234,308532.5714285714,0,0,0,0.0036508798333291775,11.377777777777775,0,49.523611111111116,40.59444444444444,1.5833333333333335,1.1074806733457234,308532.5714285714,0,0,0,0.06680071048331229,0,0,13661.318055555554,104.18194444444445,13.722222222222223,1.0385892583304672,4910920.523809524,0,0,3950.0,0.042798882677784096,0,0,84.5925925925926,258.375,1.0666666666666667,1.0049925941210167,212137.0,0,0,0,0.00023562636670248702,0,0,6.066666666666667,6.066666666666666,1.0333333333333334,1.0354448049871603,134912.57142857142,0,0,125.0,0.0177278916999929,0,0,106.20277777777778,128.1361111111111,1.7666666666666666,1.019833728681057,187689.2857142857,0,0,0,0.0006445938666691598,0,0,0,0,1.633333333333333,1.048918686208112,318311.28571428574,0,0,98.0,0.1356530512778085,0,0,25440.905555555553,12931.475,1.6333333333333333,1.0775779023162002,280073.0714285714,0,0,88.0,0.008713480200001674,0,0,40.40416666666667,37.326388888888886,1.8333333333333333,0.9783035660025347,217108.2142857143,0,0,13.0,0,0,0,0,44587.65
Jun02_yellow_20_stream_high_3333423,27.7,1.3140305237429921,2245616.1904761908,0,0,33.5,0.0525417525785794,0,0,182.2275545031683,164.4505593624407,1.6555555555555557,1.0632789345775395,292840.14285714284,0,0,81.0,0.012333325366706506,0,0,230.29846651331803,169.06530903090308,2.3,1.1424067044370936,347567.28571428574,0,0,0,0.00825620399999991,0,0,1.3444444444444443,27.513888888888886,2.333333333333333,1.147420701505271,395936.35714285716,0,0,0,0.0029510836666669133,79.64444444444445,0,140.26944444444445,98.78055555555555,2.333333333333333,1.147420701505271,395936.35714285716,0,0,0,0.09346345413334045,263.31428571428575,0,24253.706944444442,243.44722222222222,31.08888888888889,1.419174019060332,2849509.142857143,0,0,705.0,0.07769740748333523,0,0,67.63703703703703,200.84074074074076,1.7,1.062370862404061,222730.42857142858,0,0,0,0,0,0,78.02777777777779,80.68888888888888,1.3777777777777775,1.025863620507275,136510.52380952382,0,0,230.0,0.01107537540000294,0,0,33.07592592592594,93.6574074074074,1.5,0.9873817392909505,145738.85714285713,0,0,0,0.002272058599999127,0,0,67.23750000000001,119.44166666666666,1.775,1.099161688949936,491480.4642857143,0,0,250.0,0.22831475605201826,0,0,58821.49782313255,39963.21236613132,1.9,1.1118627146149298,384925.4285714286,0,0,390.0,0.007276905416664903,0,0,97.16388888888889,82.42916666666667,27.955555555555552,1.310134235624977,2144398.904761905,0,0,1200.0,0.03124082203333071,0,0,58082.193827160496,117286.2891313933
Jun02_green_20_stream_low_3213413,5.322222222222223,1.1965615938680652,789704.6842105263,0,0,42.0,0.011940456266664038,0,0,194.94814814814814,171.04444444444445,1.4833333333333334,1.042324565402534,184188.2894736842,0,0,86.0,0.012360026783336113,0,0,230.4458333333333,191.9611111111111,1.8333333333333333,1.0979872991884203,252493.68421052632,0,0,0,0,0,0,1.972222222222222,16.68611111111111,2.0166666666666666,1.1382849695370882,497090.8947368421,0,0,0,0.004748073416663109,119.46666666666665,0,171.0772727272727,122.45378787878788,2.0166666666666666,1.1382849695370882,497090.8947368421,0,0,0,0.18581345368346924,1592.888888888889,0,84916.99166666667,565.6180555555555,1.2666666666666666,1.0213022242057646,237634.94736842104,0,0,660.0,0.16839825026669736,0,0,469.2166666666667,1411.2722222222221,1.7666666666666666,1.005595780468625,294991.5789473684,0,0,0,0.005967197533391297,0,0,1.4222222222222232,1.6111111111111107,1.3666666666666665,0.9925030587130994,204029.8245614035,0,0,240.0,0.009670442999999472,0,0,77.79537037037038,105.76527777777778,2.033333333333333,0.9826898169327246,135191.47368421053,0,0,0,0.0017329270333334532,0,0,0,201.6208333333333,2.0583333333333336,1.077161153208409,487220.6710526316,0,0,490.0,0.2888816437749786,0,0,67845.56527777779,45125.98472222222,1.4666666666666666,1.0349225841087337,318700.2631578947,0,0,56.0,0.009097311799996531,0,0,123.79722222222223,103.91666666666667,1.8888888888888886,1.017245145481942,177191.56140350876,0,0,51.0,0.012012308177774383,0,0,18251.37857142857,70346.60535714286
Jun02_blue_15_stream_high_3113413,1.6666666666666667,1.0059839516405982,300799.96491228073,0,0,25.0,0.009975639910882185,0,0,139.56574822581058,124.7254484500322,1.6,1.0315446463840579,276639.05263157893,0,0,54.0,0.02897558871518413,0,0,333.7974435071407,271.17109308692216,2.3666666666666667,1.0476534184963733,286180.4736842105,0,0,0,0,0,0,2.5261272891858733,31.926520203829238,2.1166666666666667,1.0720716970875408,356938.5789473684,0,0,0,0.007937793746858374,32.205912250849074,0,195.5614081829625,67.54784361433137,2.1166666666666667,1.0720716970875408,356938.5789473684,0,0,0,0.1239089942974825,1318.6786541258275,0,0,0,1.2333333333333334,0.9824344454157967,120081.68421052632,0,0,1450.0,0.08466432679335853,0,0,0,0,1.6,0.9947838059820646,267805.2631578947,0,0,0,0.005895539533351743,0,0,31.558333333333337,30.858333333333334,1.2333333333333334,0.9720532003920143,206214.01754385966,0,0,160.0,0.009253304417165847,0,0,124.38907500480762,145.55862211140817,1.9,1.012430893986303,131404.52631578947,0,0,0,0.002047518650409182,0,0,0,122.95755565775885,1.7583333333333333,1.0283958236851443,359512.3157894737,0,0,140.0,0.10774758392713857,0,0,31870.304611553904,15764.668375333153,2.033333333333333,1.0045110069345327,315799.7368421053,0,0,110.0,0.005553853012576842,0,0,0,0,2.0777777777777775,1.0062110247210683,204155.8245614035,0,0,20.0,0.0042677961245107315,0,0,34868.010815542286,69953.10223592608
Jun05_yellow_20_iperf_medium_3332312,1.8,1.005100380302865,289671.380952381,0,0,23.0,0.00727563691110807,0,0,101.63409090909092,89.54444444444445,1.4333333333333336,1.0328651929407295,276063.3333333333,0,0,82.0,0.008111923555543714,0,0,183.4611111111111,149.05,1.8,1.095824953290344,290609.14285714284,0,0,0,3.269236666104437e-05,0,0,0,0,1.7333333333333334,1.1321776935705434,295335.2857142857,0,0,0,0.0055380374500145985,0,0,89.64583333333333,64.46805555555555,1.7333333333333334,1.1321776935705434,295335.2857142857,0,0,0,0.1799347217500023,0,0,80725.98333333334,464.35277777777776,16.711111111111112,0.9310021063174432,1145761.761904762,0,0,1500.0,0.030362311855547355,0,0,86.77499999999999,262.68888888888887,1.2,1.035762606516761,328102.71428571426,0,0,0,0.01023952073349695,0,0,3.85,6.6499999999999995,1.15,1.0150742597731695,93824.57142857143,0,0,190.0,0.006721841433333491,0,0,60.34166666666667,72.38055555555555,1.7666666666666666,0.9690539784399331,152105.42857142858,0,0,0,0.003451882199999545,0,0,0,0,1.7000000000000002,1.0229217184645434,448597.9047619048,0,0,160.0,0.22757049843328583,0,0,10718.694444444443,5352.446296296296,2.066666666666667,1.0095169650856088,556518.5714285715,0,0,90.0,0.014487557833338842,0,0,114.30833333333332,93.66944444444447,2.1166666666666667,0.9694147113433464,236264.92857142858,0,0,25.0,0.030232734366662344,0,0,0,92011.27500000001
Jun02_red_10_iperf_medium_1113413,1.6,1.0421359562198844,235887.57894736843,0,0,17.0,0.01737759619998845,0,0,0,0,1.2666666666666666,1.0064717773276477,144434.0,0,0,58.0,0.012885218066677832,0,0,0,0,2.066666666666667,1.018408007499082,228959.42105263157,0,0,0,0.006998018500000095,0,0,0,17.527777777777775,1.9000000000000001,1.0619841698538983,267293.84210526315,0,0,0,0.005841623766658208,29.25714285714285,0,0,0,1.9000000000000001,1.0619841698538983,267293.84210526315,0,0,0,0.05725924418338763,280.65185185185186,0,5596.783333333333,59.088888888888896,1.2,0.9993915365646269,97616.68421052632,0,0,1250.0,0.0797564031667207,0,0,0,1464.2972222222224,2.1333333333333333,0.9908871500726489,308377.15789473685,0,0,0,0.04118740266664345,0,0,23.194444444444443,22.694444444444443,1.3666666666666665,0.9966892211664655,175806.8245614035,0,0,120.0,0.004180589077781051,0,0,71.62592592592593,84.24907407407407,1.5333333333333334,1.0258892884431667,131460.63157894736,0,0,0,0.0020102551333366137,0,0,0,56.96666666666667,1.6333333333333333,1.048040084644486,266309.8815789474,0,0,120.0,0.06923167740000433,0,0,21994.784595959598,10918.975694444443,1.6333333333333333,1.01875033333311,246403.8947368421,0,0,35.0,0.00763904336666504,0,0,77.575,64.38888888888889,1.8333333333333333,1.0011932426885517,153087.28070175438,0,0,67.0,0,0,0,0,59063.50555555555
Jun02_green_25_iperf_low_3313413,10.577777777777778,0.9994638334867654,3654045.2982456144,0,0,37.0,0.014984178322219084,0,0,47.638888888888886,40.93888888888889,2.8555555555555556,1.0425758784628965,292130.6140350877,0,0,95.0,0.008131220477780665,0,0,216.5527777777778,172.84722222222223,3.2666666666666666,1.1126554480075275,399816.2105263158,0,0,0,0.009545980833331667,0,0,0,0,3.083333333333333,1.1189366828957943,463185.8157894737,0,0,0,0.005027382566667408,153.6,0,152.90833333333333,102.98055555555555,3.083333333333333,1.1189366828957943,463185.8157894737,0,0,0,0.19854138753335063,0,0,61487.62777777778,326.34722222222223,2.533333333333333,0.9867347497552587,247302.8947368421,0,0,1000.0,0.07471470403337056,0,0,0,0,3.1666666666666665,0.9885191044589792,334395.36842105264,0,0,0,0,0,0,0,0,2.522222222222222,0.9650781478491012,195409.75438596492,0,0,210.0,0.013831313149540789,0,0,78.17029489482815,96.53973980231274,1.5666666666666667,1.019341575988503,145099.26315789475,0,0,0,3.97612999980387e-05,0,0,0,0,2.3916666666666666,1.04660703982792,420304.6184210526,0,0,210.0,0.25471268814166403,0,0,59614.76666666666,38988.71805555555,1.8,0.9919324499293459,343957.15789473685,0,0,110.0,0.018924655966672314,0,0,262.2138888888889,221.0111111111111,2.511111111111111,1.0360431130768368,274115.24561403506,0,0,54.0,0.012122581449998886,0,0,56095.010416666664,56048.375
Jun02_yellow_20_stream_high_3213413,27.977777777777778,1.2566180836218346,2382390.6491228067,0,0,31.0,0.04248979332222121,0,319842.9866666667,57.111111111111114,49.670370370370364,1.9,1.0514511241669964,193798.07894736843,0,0,69.0,0.012494363333331888,0,0,342.69166666666666,280.4125,2.3666666666666667,1.102315153508925,274656.1052631579,0,0,0,0.00016775999999936106,0,0,0.8555555555555555,0.8555555555555557,2.1,1.1095343180775785,352096.21052631584,0,0,0,0.00259879689999328,0,0,15.950000000000001,17.383333333333333,2.1,1.1095343180775785,352096.21052631584,0,0,0,0.11907738096673864,0,0,52151.580555555556,382.13055555555565,11.333333333333334,1.5021268430653631,2011232.6315789474,0,0,695.0,0.013069146399993764,0,0,0,0,1.9333333333333333,1.002409056905644,276458.8947368421,0,0,0,0,0,0,0,0,1.3555555555555554,0.9833421250290514,167859.87719298244,0,0,255.0,0.012835987944438581,0,0,94.37407407407409,108.89537037037037,1.7666666666666666,1.0109980624207833,143517.68421052632,0,0,0,0.0019930191064269137,0,0,0,0,1.7333333333333332,1.049969982522074,427320.15789473685,0,0,190.0,0.11107541129879722,0,0,24257.311185690804,13637.527842849076,1.8666666666666667,1.0386434471739683,492668.6842105263,0,0,94.0,0.015172274066670374,0,0,100.11944444444445,82.06111111111112,28.222222222222218,1.2680416284764833,2243815.6842105263,0,0,630.0,0.003452216192616885,0,0,0,47526.002469135805
Jun05_blue_15_iperf_low_3112312,1.8,1.0042946575324814,303788.0952380952,0,0,21.0,0.011372935433333472,0,0,113.00652557319223,187.09091710758378,1.7333333333333334,0.9553490846150375,147140.0,0,0,62.0,0.01951886536666431,0,0,577.3888888888888,469.90555555555557,1.8333333333333333,1.0877925535317436,284399.0,0,0,0,0.020862547866651468,0,0,0,31.461111111111112,1.65,1.1115569881182388,276101.7142857143,0,0,0,0.004004028533351326,34.13333333333334,0,216.7277777777778,78.69166666666668,1.65,1.1115569881182388,276101.7142857143,0,0,0,0.11538912998328973,1540.8761904761907,0,44609.20416666668,328.96388888888896,1.8333333333333333,0.9722978124728066,145929.85714285713,0,0,1400.0,0.09189740803331006,0,0,518.0361111111112,2819.794444444444,1.9,0.9536760813527633,262202.0,0,0,0,0,0,0,47.588888888888896,46.849999999999994,1.4166666666666665,0.957237247380462,112237.07142857142,0,0,190.0,0.011747265716674823,0,0,132.05138888888888,160.05833333333334,1.8,0.9794901841647684,146384.0,0,0,0,0.0018839995613748168,0,0,0,0,2.1,1.0234988830852403,306191.0,0,0,92.0,0.1348183124444404,0,0,30597.63888888889,22058.359722222223,2.1333333333333333,1.0384355986451794,318011.71428571426,0,0,78.0,0.008145767533324034,0,0,112.6111111111111,96.43888888888888,2.0166666666666666,0.9626526923444276,207146.42857142858,0,0,18.0,0,0,0,0,0
Jun02_red_10_iperf_medium_2113413,1.5166666666666666,1.0037253669838604,297450.97368421056,0,0,27.5,0.0101480895499928,0,0,175.27916666666667,155.81805555555556,1.1333333333333333,0.9955861549232928,122090.36842105263,0,0,58.0,0.009211412533325834,0,0,164.79444444444445,134.67777777777778,1.6666666666666667,1.0242358367688664,228119.26315789475,0,0,0,0.0014973311999938246,0,0,0,0,1.5833333333333335,1.0545487929564088,331878.6052631579,0,0,0,0.003788593633347166,13.65333333333333,0,158.94722222222222,57.229166666666664,1.5833333333333335,1.0545487929564088,331878.6052631579,0,0,0,0.06314481120001193,0,0,0,0,1.6,1.005535994773906,179047.42105263157,0,0,1100.0,0.0854966407666628,0,0,264.28611111111115,1423.0888888888887,1.5666666666666667,0.9949000469847656,310134.63157894736,0,0,0,0,0,0,15.480555555555554,15.141666666666666,1.1666666666666667,0.9886691767296742,182607.1403508772,0,0,130.0,0.004063372277773345,0,0,23.75,20.815277777777776,1.1333333333333333,0.9946596716197609,142488.1052631579,0,0,0,0.002328093833333847,0,0,0,118.1625,1.4,1.0333428321829552,354434.94736842107,0,0,100.0,0.09162111864445453,0,0,12540.885185185185,4378.094191919192,1.5333333333333334,0.9954719215917002,258667.52631578947,0,0,110.0,0.00718245846667287,0,0,77.54444444444444,65.29166666666667,1.5222222222222221,0.9956882512985636,207833.92982456138,0,0,25.0,0.0030219442833337483,0,0,3178.2999999999997,3172.05
Jun05_green_25_stream_medium_3322312,28.933333333333337,1.133460928030418,1817727.9523809524,0,0,49.0,0.06277707904444141,0,345838.93333333323,196.0695105820106,131.43796296296298,1.4555555555555555,1.027992897658967,230725.52380952382,0,0,85.0,0.010969420544447592,0,0,118.20185185185186,99.38796296296296,1.7333333333333334,1.085025704547483,258778.42857142858,0,0,0,0,0,0,0,0,1.6833333333333333,1.109524124142217,272220.0714285714,0,0,0,0.0016753059499933437,25.599999999999994,0,91.15416666666668,108.98333333333332,1.6833333333333333,1.109524124142217,272220.0714285714,0,0,0,0.12469709281658653,1375.0857142857144,0,56502.538888888885,365.7125,1.2666666666666666,1.0039982197233839,282902.64285714284,0,0,6300.0,0.034927574166716845,0,0,64.4875,237.48333333333335,1.6,1.0348089040748032,308804.71428571426,0,0,0,0.08570177063338633,0,0,8.633333333333335,9.1,1.0333333333333332,1.0256286113000597,97727.5,0,0,150.0,0.007453225516671108,0,0,38.298611111111114,42.70416666666667,2.033333333333333,0.9937973899541036,173225.57142857142,0,0,0,0.0013735073760244825,0,0,0,0,1.9111111111111112,1.031930778334612,379158.1428571428,0,0,290.0,0.19773387019997446,0,0,83294.84166666666,47587.14907407408,1.8,1.0470849722702158,374505.14285714284,0,0,100.0,0.004445744433337494,0,0,0,0,2.333333333333333,0.9735275717730507,237108.64285714284,0,0,23.0,0,0,0,0,0
