Type,Name,Request Count,Failure Count,Median Response Time,Average Response Time,Min Response Time,Max Response Time,Average Content Size,Requests/s,Failures/s,50%,66%,75%,80%,90%,95%,98%,99%,99.9%,99.99%,100%
GET,/,68,0,4,5.021465531385997,3.343909978866577,22.705922834575176,2586.0,1.1517915094768603,0.0,4,5,5,5,7,7,17,23,23,23,23
GET,/api/cart/add/anonymous-31/EMM/1,1,0,14.387746341526508,14.387746341526508,14.387746341526508,14.387746341526508,215.0,0.01693811043348324,0.0,14,14,14,14,14,14,14,14,14,14,14
GET,/api/cart/add/anonymous-31/RMC/1,1,0,61.34918238967657,61.34918238967657,61.34918238967657,61.34918238967657,108.0,0.01693811043348324,0.0,61,61,61,61,61,61,61,61,61,61,61
GET,/api/cart/add/anonymous-32/HPTD/1,1,0,16.344117932021618,16.344117932021618,16.344117932021618,16.344117932021618,121.0,0.01693811043348324,0.0,16,16,16,16,16,16,16,16,16,16,16
GET,/api/cart/add/anonymous-32/RED/1,1,0,17.821560613811016,17.821560613811016,17.821560613811016,17.821560613811016,219.0,0.01693811043348324,0.0,18,18,18,18,18,18,18,18,18,18,18
GET,/api/cart/add/anonymous-33/RED/1,1,0,104.06403057277203,104.06403057277203,104.06403057277203,104.06403057277203,132.0,0.01693811043348324,0.0,100,100,100,100,100,100,100,100,100,100,100
GET,/api/cart/add/anonymous-33/SHCE/1,1,0,149.06396344304085,149.06396344304085,149.06396344304085,149.06396344304085,225.0,0.01693811043348324,0.0,150,150,150,150,150,150,150,150,150,150,150
GET,/api/cart/add/anonymous-34/EPE/1,1,0,42.33955964446068,42.33955964446068,42.33955964446068,42.33955964446068,129.0,0.01693811043348324,0.0,42,42,42,42,42,42,42,42,42,42,42
GET,/api/cart/add/anonymous-34/SHCE/1,1,0,101.33106913417578,101.33106913417578,101.33106913417578,101.33106913417578,222.0,0.01693811043348324,0.0,100,100,100,100,100,100,100,100,100,100,100
GET,/api/cart/add/anonymous-35/EPE/1,1,0,102.91826631873846,102.91826631873846,102.91826631873846,102.91826631873846,129.0,0.01693811043348324,0.0,100,100,100,100,100,100,100,100,100,100,100
GET,/api/cart/add/anonymous-35/Watson/1,1,0,103.65653969347477,103.65653969347477,103.65653969347477,103.65653969347477,200.0,0.01693811043348324,0.0,100,100,100,100,100,100,100,100,100,100,100
GET,/api/cart/add/anonymous-36/HPTD/1,1,0,42.735482566058636,42.735482566058636,42.735482566058636,42.735482566058636,226.0,0.01693811043348324,0.0,43,43,43,43,43,43,43,43,43,43,43
GET,/api/cart/add/anonymous-36/UHJ/1,1,0,76.11356861889362,76.11356861889362,76.11356861889362,76.11356861889362,138.0,0.01693811043348324,0.0,76,76,76,76,76,76,76,76,76,76,76
GET,/api/cart/add/anonymous-37/EMM/1,1,0,77.43825204670429,77.43825204670429,77.43825204670429,77.43825204670429,137.0,0.01693811043348324,0.0,77,77,77,77,77,77,77,77,77,77,77
GET,/api/cart/add/anonymous-37/HPTD/1,1,0,71.85967359691858,71.85967359691858,71.85967359691858,71.85967359691858,223.0,0.01693811043348324,0.0,72,72,72,72,72,72,72,72,72,72,72
GET,/api/cart/add/anonymous-38/EMM/1,1,0,19.473470747470856,19.473470747470856,19.473470747470856,19.473470747470856,205.0,0.01693811043348324,0.0,19,19,19,19,19,19,19,19,19,19,19
GET,/api/cart/add/anonymous-38/EPE/1,1,0,88.2571404799819,88.2571404799819,88.2571404799819,88.2571404799819,129.0,0.01693811043348324,0.0,88,88,88,88,88,88,88,88,88,88,88
GET,/api/cart/add/anonymous-39/EMM/1,1,0,13.876455835998058,13.876455835998058,13.876455835998058,13.876455835998058,137.0,0.01693811043348324,0.0,14,14,14,14,14,14,14,14,14,14,14
GET,/api/cart/add/anonymous-39/RED/1,1,0,19.144712015986443,19.144712015986443,19.144712015986443,19.144712015986443,221.0,0.01693811043348324,0.0,19,19,19,19,19,19,19,19,19,19,19
GET,/api/cart/add/anonymous-40/EPE/1,1,0,14.434232376515865,14.434232376515865,14.434232376515865,14.434232376515865,217.0,0.01693811043348324,0.0,14,14,14,14,14,14,14,14,14,14,14
GET,/api/cart/add/anonymous-40/HPTD/1,1,0,82.88691379129887,82.88691379129887,82.88691379129887,82.88691379129887,121.0,0.01693811043348324,0.0,83,83,83,83,83,83,83,83,83,83,83
GET,/api/cart/add/anonymous-41/SHCE/1,1,0,90.74068628251553,90.74068628251553,90.74068628251553,90.74068628251553,198.0,0.01693811043348324,0.0,91,91,91,91,91,91,91,91,91,91,91
GET,/api/cart/add/anonymous-41/Watson/1,1,0,105.27164489030838,105.27164489030838,105.27164489030838,105.27164489030838,106.0,0.01693811043348324,0.0,110,110,110,110,110,110,110,110,110,110,110
GET,/api/cart/add/anonymous-42/EMM/1,1,0,60.88577676564455,60.88577676564455,60.88577676564455,60.88577676564455,223.0,0.01693811043348324,0.0,61,61,61,61,61,61,61,61,61,61,61
GET,/api/cart/add/anonymous-42/HPTD/1,1,0,44.7209756821394,44.7209756821394,44.7209756821394,44.7209756821394,121.0,0.01693811043348324,0.0,45,45,45,45,45,45,45,45,45,45,45
GET,/api/cart/add/anonymous-43/EPE/1,1,0,62.190573662519455,62.190573662519455,62.190573662519455,62.190573662519455,200.0,0.01693811043348324,0.0,62,62,62,62,62,62,62,62,62,62,62
GET,/api/cart/add/anonymous-43/Watson/1,1,0,59.282734990119934,59.282734990119934,59.282734990119934,59.282734990119934,106.0,0.01693811043348324,0.0,59,59,59,59,59,59,59,59,59,59,59
GET,/api/cart/add/anonymous-44/RMC/1,1,0,15.936341136693954,15.936341136693954,15.936341136693954,15.936341136693954,216.0,0.01693811043348324,0.0,16,16,16,16,16,16,16,16,16,16,16
GET,/api/cart/add/anonymous-44/UHJ/1,1,0,85.642303340137,85.642303340137,85.642303340137,85.642303340137,138.0,0.01693811043348324,0.0,86,86,86,86,86,86,86,86,86,86,86
GET,/api/cart/add/anonymous-45/HPTD/1,1,0,15.466001816093922,15.466001816093922,15.466001816093922,15.466001816093922,200.0,0.01693811043348324,0.0,15,15,15,15,15,15,15,15,15,15,15
GET,/api/cart/add/anonymous-45/STAN-1/1,1,0,32.390148378908634,32.390148378908634,32.390148378908634,32.390148378908634,111.0,0.01693811043348324,0.0,32,32,32,32,32,32,32,32,32,32,32
GET,/api/cart/add/anonymous-46/EPE/1,1,0,14.493560418486595,14.493560418486595,14.493560418486595,14.493560418486595,220.0,0.01693811043348324,0.0,14,14,14,14,14,14,14,14,14,14,14
GET,/api/cart/add/anonymous-46/UHJ/1,1,0,15.7325379550457,15.7325379550457,15.7325379550457,15.7325379550457,138.0,0.01693811043348324,0.0,16,16,16,16,16,16,16,16,16,16,16
GET,/api/cart/add/anonymous-47/EPE/1,1,0,96.18494659662247,96.18494659662247,96.18494659662247,96.18494659662247,129.0,0.01693811043348324,0.0,96,96,96,96,96,96,96,96,96,96,96
GET,/api/cart/add/anonymous-47/Watson/1,1,0,15.0981480255723,15.0981480255723,15.0981480255723,15.0981480255723,200.0,0.01693811043348324,0.0,15,15,15,15,15,15,15,15,15,15,15
GET,/api/cart/add/anonymous-48/HPTD/1,1,0,25.147147476673126,25.147147476673126,25.147147476673126,25.147147476673126,121.0,0.01693811043348324,0.0,25,25,25,25,25,25,25,25,25,25,25
GET,/api/cart/add/anonymous-48/SHCE/1,1,0,17.21884123980999,17.21884123980999,17.21884123980999,17.21884123980999,213.0,0.01693811043348324,0.0,17,17,17,17,17,17,17,17,17,17,17
GET,/api/cart/add/anonymous-49/SHCE/1,2,0,16.197805292904377,58.97436663508415,16.197805292904377,101.75092797726393,124.5,0.03387622086696648,0.0,100,100,100,100,100,100,100,100,100,100,100
GET,/api/cart/add/anonymous-50/SHCE/1,1,0,75.00242255628109,75.00242255628109,75.00242255628109,75.00242255628109,124.0,0.01693811043348324,0.0,75,75,75,75,75,75,75,75,75,75,75
GET,/api/cart/add/anonymous-50/STAN-1/1,1,0,56.21525924652815,56.21525924652815,56.21525924652815,56.21525924652815,203.0,0.01693811043348324,0.0,56,56,56,56,56,56,56,56,56,56,56
GET,/api/cart/add/anonymous-51/EMM/1,1,0,21.063663996756077,21.063663996756077,21.063663996756077,21.063663996756077,221.0,0.01693811043348324,0.0,21,21,21,21,21,21,21,21,21,21,21
GET,/api/cart/add/anonymous-51/RED/1,1,0,14.660965651273727,14.660965651273727,14.660965651273727,14.660965651273727,132.0,0.01693811043348324,0.0,15,15,15,15,15,15,15,15,15,15,15
GET,/api/cart/add/anonymous-52/HPTD/1,1,0,19.399150274693966,19.399150274693966,19.399150274693966,19.399150274693966,226.0,0.01693811043348324,0.0,19,19,19,19,19,19,19,19,19,19,19
GET,/api/cart/add/anonymous-52/UHJ/1,1,0,104.04737386852503,104.04737386852503,104.04737386852503,104.04737386852503,138.0,0.01693811043348324,0.0,100,100,100,100,100,100,100,100,100,100,100
GET,/api/cart/add/anonymous-53/EPE/1,1,0,45.05395237356424,45.05395237356424,45.05395237356424,45.05395237356424,129.0,0.01693811043348324,0.0,45,45,45,45,45,45,45,45,45,45,45
GET,/api/cart/add/anonymous-53/STAN-1/1,1,0,64.25266619771719,64.25266619771719,64.25266619771719,64.25266619771719,179.0,0.01693811043348324,0.0,64,64,64,64,64,64,64,64,64,64,64
GET,/api/cart/add/anonymous-54/HPTD/1,2,0,100.67072976380587,109.90741942077875,100.67072976380587,119.14410907775164,121.0,0.03387622086696648,0.0,120,120,120,120,120,120,120,120,120,120,120
GET,/api/cart/add/anonymous-55/UHJ/1,1,0,15.12225717306137,15.12225717306137,15.12225717306137,15.12225717306137,138.0,0.01693811043348324,0.0,15,15,15,15,15,15,15,15,15,15,15
GET,/api/cart/add/anonymous-55/Watson/1,1,0,48.099638894200325,48.099638894200325,48.099638894200325,48.099638894200325,209.0,0.01693811043348324,0.0,48,48,48,48,48,48,48,48,48,48,48
GET,/api/cart/add/anonymous-56/EPE/1,2,0,70,70.40444714948535,69.82269883155823,70.98619546741247,129.5,0.03387622086696648,0.0,71,71,71,71,71,71,71,71,71,71,71
GET,/api/cart/add/anonymous-57/EPE/1,1,0,19.610214047133923,19.610214047133923,19.610214047133923,19.610214047133923,129.0,0.01693811043348324,0.0,20,20,20,20,20,20,20,20,20,20,20
GET,/api/cart/add/anonymous-57/RED/1,1,0,94.63763609528542,94.63763609528542,94.63763609528542,94.63763609528542,201.0,0.01693811043348324,0.0,95,95,95,95,95,95,95,95,95,95,95
GET,/api/cart/add/anonymous-58/Watson/1,2,0,15.45364037156105,19.192808773368597,15.45364037156105,22.931977175176144,105.0,0.03387622086696648,0.0,23,23,23,23,23,23,23,23,23,23,23
GET,/api/cart/add/anonymous-59/EMM/1,1,0,24.057012982666492,24.057012982666492,24.057012982666492,24.057012982666492,137.0,0.01693811043348324,0.0,24,24,24,24,24,24,24,24,24,24,24
GET,/api/cart/add/anonymous-59/STAN-1/1,1,0,52.57821176201105,52.57821176201105,52.57821176201105,52.57821176201105,201.0,0.01693811043348324,0.0,53,53,53,53,53,53,53,53,53,53,53
GET,/api/cart/add/anonymous-60/EMM/1,1,0,75.61894226819277,75.61894226819277,75.61894226819277,75.61894226819277,201.0,0.01693811043348324,0.0,76,76,76,76,76,76,76,76,76,76,76
GET,/api/cart/add/anonymous-60/STAN-1/1,1,0,30.153081752359867,30.153081752359867,30.153081752359867,30.153081752359867,111.0,0.01693811043348324,0.0,30,30,30,30,30,30,30,30,30,30,30
GET,/api/cart/add/anonymous-61/RMC/1,1,0,88.5308114811778,88.5308114811778,88.5308114811778,88.5308114811778,108.0,0.01693811043348324,0.0,89,89,89,89,89,89,89,89,89,89,89
GET,/api/cart/add/anonymous-61/STAN-1/1,1,0,14.95903730392456,14.95903730392456,14.95903730392456,14.95903730392456,190.0,0.01693811043348324,0.0,15,15,15,15,15,15,15,15,15,15,15
GET,/api/cart/add/anonymous-62/EMM/1,1,0,98.6019978299737,98.6019978299737,98.6019978299737,98.6019978299737,137.0,0.01693811043348324,0.0,99,99,99,99,99,99,99,99,99,99,99
GET,/api/cart/add/anonymous-62/Watson/1,1,0,100.09597986936569,100.09597986936569,100.09597986936569,100.09597986936569,206.0,0.01693811043348324,0.0,100,100,100,100,100,100,100,100,100,100,100
GET,/api/cart/add/anonymous-63/EMM/1,1,0,22.381258197128773,22.381258197128773,22.381258197128773,22.381258197128773,214.0,0.01693811043348324,0.0,22,22,22,22,22,22,22,22,22,22,22
GET,/api/cart/add/anonymous-63/UHJ/1,1,0,213.95190618932247,213.95190618932247,213.95190618932247,213.95190618932247,138.0,0.01693811043348324,0.0,210,210,210,210,210,210,210,210,210,210,210
GET,/api/cart/add/anonymous-64/RMC/1,1,0,100.55406112223864,100.55406112223864,100.55406112223864,100.55406112223864,108.0,0.01693811043348324,0.0,100,100,100,100,100,100,100,100,100,100,100
GET,/api/cart/add/anonymous-64/UHJ/1,1,0,104.22386974096298,104.22386974096298,104.22386974096298,104.22386974096298,216.0,0.01693811043348324,0.0,100,100,100,100,100,100,100,100,100,100,100
GET,/api/cart/add/anonymous-65/EMM/1,1,0,47.928404062986374,47.928404062986374,47.928404062986374,47.928404062986374,201.0,0.01693811043348324,0.0,48,48,48,48,48,48,48,48,48,48,48
GET,/api/cart/add/anonymous-65/STAN-1/1,1,0,14.579763635993004,14.579763635993004,14.579763635993004,14.579763635993004,111.0,0.01693811043348324,0.0,15,15,15,15,15,15,15,15,15,15,15
GET,/api/cart/add/anonymous-66/RMC/1,1,0,98.75358082354069,98.75358082354069,98.75358082354069,98.75358082354069,108.0,0.01693811043348324,0.0,99,99,99,99,99,99,99,99,99,99,99
GET,/api/cart/add/anonymous-66/UHJ/1,1,0,105.63910752534866,105.63910752534866,105.63910752534866,105.63910752534866,216.0,0.01693811043348324,0.0,110,110,110,110,110,110,110,110,110,110,110
GET,/api/cart/add/anonymous-67/EMM/1,1,0,94.16740201413631,94.16740201413631,94.16740201413631,94.16740201413631,137.0,0.01693811043348324,0.0,94,94,94,94,94,94,94,94,94,94,94
GET,/api/cart/add/anonymous-67/EPE/1,1,0,13.7260090559721,13.7260090559721,13.7260090559721,13.7260090559721,205.0,0.01693811043348324,0.0,14,14,14,14,14,14,14,14,14,14,14
GET,/api/cart/add/anonymous-68/SHCE/1,1,0,28.702860698103905,28.702860698103905,28.702860698103905,28.702860698103905,124.0,0.01693811043348324,0.0,29,29,29,29,29,29,29,29,29,29,29
GET,/api/cart/add/anonymous-68/UHJ/1,1,0,15.869456343352795,15.869456343352795,15.869456343352795,15.869456343352795,230.0,0.01693811043348324,0.0,16,16,16,16,16,16,16,16,16,16,16
GET,/api/cart/add/anonymous-69/RED/1,1,0,50.17023719847202,50.17023719847202,50.17023719847202,50.17023719847202,132.0,0.01693811043348324,0.0,50,50,50,50,50,50,50,50,50,50,50
GET,/api/cart/add/anonymous-69/RMC/1,1,0,15.501037240028381,15.501037240028381,15.501037240028381,15.501037240028381,210.0,0.01693811043348324,0.0,16,16,16,16,16,16,16,16,16,16,16
GET,/api/cart/add/anonymous-70/EMM/1,1,0,19.802304916083813,19.802304916083813,19.802304916083813,19.802304916083813,205.0,0.01693811043348324,0.0,20,20,20,20,20,20,20,20,20,20,20
GET,/api/cart/add/anonymous-70/EPE/1,1,0,74.88680817186832,74.88680817186832,74.88680817186832,74.88680817186832,129.0,0.01693811043348324,0.0,75,75,75,75,75,75,75,75,75,75,75
GET,/api/cart/add/anonymous-71/SHCE/1,1,0,28.522047214210033,28.522047214210033,28.522047214210033,28.522047214210033,124.0,0.01693811043348324,0.0,29,29,29,29,29,29,29,29,29,29,29
GET,/api/cart/add/anonymous-71/Watson/1,1,0,22.20810204744339,22.20810204744339,22.20810204744339,22.20810204744339,198.0,0.01693811043348324,0.0,22,22,22,22,22,22,22,22,22,22,22
GET,/api/cart/add/anonymous-72/SHCE/1,1,0,27.235341258347034,27.235341258347034,27.235341258347034,27.235341258347034,124.0,0.01693811043348324,0.0,27,27,27,27,27,27,27,27,27,27,27
GET,/api/cart/add/anonymous-72/Watson/1,1,0,13.91706708818674,13.91706708818674,13.91706708818674,13.91706708818674,198.0,0.01693811043348324,0.0,14,14,14,14,14,14,14,14,14,14,14
GET,/api/cart/add/anonymous-73/EPE/1,1,0,43.48242003470659,43.48242003470659,43.48242003470659,43.48242003470659,129.0,0.01693811043348324,0.0,43,43,43,43,43,43,43,43,43,43,43
GET,/api/cart/add/anonymous-73/STAN-1/1,1,0,73.1820035725832,73.1820035725832,73.1820035725832,73.1820035725832,179.0,0.01693811043348324,0.0,73,73,73,73,73,73,73,73,73,73,73
GET,/api/cart/add/anonymous-74/EPE/1,1,0,62.164622358977795,62.164622358977795,62.164622358977795,62.164622358977795,129.0,0.01693811043348324,0.0,62,62,62,62,62,62,62,62,62,62,62
GET,/api/cart/add/anonymous-74/STAN-1/1,1,0,14.274460263550282,14.274460263550282,14.274460263550282,14.274460263550282,179.0,0.01693811043348324,0.0,14,14,14,14,14,14,14,14,14,14,14
GET,/api/cart/add/anonymous-75/EPE/1,1,0,41.625432670116425,41.625432670116425,41.625432670116425,41.625432670116425,129.0,0.01693811043348324,0.0,42,42,42,42,42,42,42,42,42,42,42
GET,/api/cart/add/anonymous-75/SHCE/1,1,0,51.83275695890188,51.83275695890188,51.83275695890188,51.83275695890188,222.0,0.01693811043348324,0.0,52,52,52,52,52,52,52,52,52,52,52
GET,/api/cart/add/anonymous-76/STAN-1/1,1,0,103.14416326582432,103.14416326582432,103.14416326582432,103.14416326582432,191.0,0.01693811043348324,0.0,100,100,100,100,100,100,100,100,100,100,100
GET,/api/cart/add/anonymous-76/UHJ/1,1,0,41.10778775066137,41.10778775066137,41.10778775066137,41.10778775066137,138.0,0.01693811043348324,0.0,41,41,41,41,41,41,41,41,41,41,41
GET,/api/cart/add/anonymous-77/RED/1,1,0,16.823166981339455,16.823166981339455,16.823166981339455,16.823166981339455,225.0,0.01693811043348324,0.0,17,17,17,17,17,17,17,17,17,17,17
GET,/api/cart/add/anonymous-77/SHCE/1,1,0,55.60758616775274,55.60758616775274,55.60758616775274,55.60758616775274,124.0,0.01693811043348324,0.0,56,56,56,56,56,56,56,56,56,56,56
GET,/api/cart/add/anonymous-78/SHCE/1,1,0,13.651703484356403,13.651703484356403,13.651703484356403,13.651703484356403,124.0,0.01693811043348324,0.0,14,14,14,14,14,14,14,14,14,14,14
GET,/api/cart/add/anonymous-78/Watson/1,1,0,40.325804613530636,40.325804613530636,40.325804613530636,40.325804613530636,198.0,0.01693811043348324,0.0,40,40,40,40,40,40,40,40,40,40,40
GET,/api/cart/add/anonymous-79/EMM/1,1,0,93.58705673366785,93.58705673366785,93.58705673366785,93.58705673366785,223.0,0.01693811043348324,0.0,94,94,94,94,94,94,94,94,94,94,94
GET,/api/cart/add/anonymous-79/HPTD/1,1,0,100.68092029541731,100.68092029541731,100.68092029541731,100.68092029541731,121.0,0.01693811043348324,0.0,100,100,100,100,100,100,100,100,100,100,100
GET,/api/cart/add/anonymous-80/SHCE/1,1,0,51.30096338689327,51.30096338689327,51.30096338689327,51.30096338689327,124.0,0.01693811043348324,0.0,51,51,51,51,51,51,51,51,51,51,51
GET,/api/cart/add/anonymous-80/UHJ/1,1,0,13.157051056623459,13.157051056623459,13.157051056623459,13.157051056623459,230.0,0.01693811043348324,0.0,13,13,13,13,13,13,13,13,13,13,13
GET,/api/cart/add/anonymous-81/RED/1,1,0,46.40786722302437,46.40786722302437,46.40786722302437,46.40786722302437,132.0,0.01693811043348324,0.0,46,46,46,46,46,46,46,46,46,46,46
GET,/api/cart/add/anonymous-81/SHCE/1,1,0,75.8580481633544,75.8580481633544,75.8580481633544,75.8580481633544,225.0,0.01693811043348324,0.0,76,76,76,76,76,76,76,76,76,76,76
GET,/api/cart/add/anonymous-82/HPTD/1,1,0,47.816297970712185,47.816297970712185,47.816297970712185,47.816297970712185,219.0,0.01693811043348324,0.0,48,48,48,48,48,48,48,48,48,48,48
GET,/api/cart/add/anonymous-82/RED/1,1,0,23.91567826271057,23.91567826271057,23.91567826271057,23.91567826271057,132.0,0.01693811043348324,0.0,24,24,24,24,24,24,24,24,24,24,24
GET,/api/cart/add/anonymous-83/HPTD/1,1,0,105.84201198071241,105.84201198071241,105.84201198071241,105.84201198071241,193.0,0.01693811043348324,0.0,110,110,110,110,110,110,110,110,110,110,110
GET,/api/cart/add/anonymous-83/Watson/1,1,0,102.42155566811562,102.42155566811562,102.42155566811562,102.42155566811562,106.0,0.01693811043348324,0.0,100,100,100,100,100,100,100,100,100,100,100
GET,/api/cart/add/anonymous-84/EPE/1,1,0,31.35114721953869,31.35114721953869,31.35114721953869,31.35114721953869,129.0,0.01693811043348324,0.0,31,31,31,31,31,31,31,31,31,31,31
GET,/api/cart/add/anonymous-84/SHCE/1,1,0,78.78981716930866,78.78981716930866,78.78981716930866,78.78981716930866,222.0,0.01693811043348324,0.0,79,79,79,79,79,79,79,79,79,79,79
GET,/api/cart/add/anonymous-85/RMC/1,1,0,95.17869539558887,95.17869539558887,95.17869539558887,95.17869539558887,184.0,0.01693811043348324,0.0,95,95,95,95,95,95,95,95,95,95,95
GET,/api/cart/add/anonymous-85/Watson/1,1,0,21.84695564210415,21.84695564210415,21.84695564210415,21.84695564210415,106.0,0.01693811043348324,0.0,22,22,22,22,22,22,22,22,22,22,22
GET,/api/cart/add/anonymous-86/EPE/1,2,0,94,96.43369726836681,93.73763110488653,99.1297634318471,129.5,0.03387622086696648,0.0,99,99,99,99,99,99,99,99,99,99,99
GET,/api/cart/add/anonymous-87/RED/1,1,0,19.619381986558437,19.619381986558437,19.619381986558437,19.619381986558437,132.0,0.01693811043348324,0.0,20,20,20,20,20,20,20,20,20,20,20
GET,/api/cart/add/anonymous-87/UHJ/1,1,0,13.939239084720612,13.939239084720612,13.939239084720612,13.939239084720612,209.0,0.01693811043348324,0.0,14,14,14,14,14,14,14,14,14,14,14
GET,/api/cart/add/anonymous-88/EPE/1,2,0,102.5088531896472,140.37087187170982,102.5088531896472,178.23289055377245,129.5,0.03387622086696648,0.0,180,180,180,180,180,180,180,180,180,180,180
GET,/api/cart/add/anonymous-89/EPE/1,2,0,13,55.35956285893917,12.920974753797054,97.79815096408129,129.5,0.03387622086696648,0.0,98,98,98,98,98,98,98,98,98,98,98
GET,/api/cart/add/anonymous-90/EPE/1,1,0,45.92836927622557,45.92836927622557,45.92836927622557,45.92836927622557,129.0,0.01693811043348324,0.0,46,46,46,46,46,46,46,46,46,46,46
GET,/api/cart/add/anonymous-90/HPTD/1,1,0,14.230532571673393,14.230532571673393,14.230532571673393,14.230532571673393,217.0,0.01693811043348324,0.0,14,14,14,14,14,14,14,14,14,14,14
GET,/api/cart/add/anonymous-91/EMM/1,1,0,16.687501221895218,16.687501221895218,16.687501221895218,16.687501221895218,201.0,0.01693811043348324,0.0,17,17,17,17,17,17,17,17,17,17,17
GET,/api/cart/add/anonymous-91/STAN-1/1,1,0,23.964861407876015,23.964861407876015,23.964861407876015,23.964861407876015,111.0,0.01693811043348324,0.0,24,24,24,24,24,24,24,24,24,24,24
GET,/api/cart/add/anonymous-92/EMM/1,1,0,14.910348691046238,14.910348691046238,14.910348691046238,14.910348691046238,221.0,0.01693811043348324,0.0,15,15,15,15,15,15,15,15,15,15,15
GET,/api/cart/add/anonymous-92/RED/1,1,0,74.33609385043383,74.33609385043383,74.33609385043383,74.33609385043383,132.0,0.01693811043348324,0.0,74,74,74,74,74,74,74,74,74,74,74
GET,/api/cart/add/anonymous-93/EMM/1,1,0,14.921502210199833,14.921502210199833,14.921502210199833,14.921502210199833,206.0,0.01693811043348324,0.0,15,15,15,15,15,15,15,15,15,15,15
GET,/api/cart/add/anonymous-93/Watson/1,1,0,172.22715262323618,172.22715262323618,172.22715262323618,172.22715262323618,106.0,0.01693811043348324,0.0,170,170,170,170,170,170,170,170,170,170,170
GET,/api/cart/add/anonymous-94/EPE/1,1,0,106.66667576879263,106.66667576879263,106.66667576879263,106.66667576879263,129.0,0.01693811043348324,0.0,110,110,110,110,110,110,110,110,110,110,110
GET,/api/cart/add/anonymous-94/UHJ/1,1,0,16.335736960172653,16.335736960172653,16.335736960172653,16.335736960172653,220.0,0.01693811043348324,0.0,16,16,16,16,16,16,16,16,16,16,16
GET,/api/cart/add/anonymous-95/RMC/1,1,0,14.971744269132614,14.971744269132614,14.971744269132614,14.971744269132614,190.0,0.01693811043348324,0.0,15,15,15,15,15,15,15,15,15,15,15
GET,/api/cart/add/anonymous-95/STAN-1/1,1,0,17.047260887920856,17.047260887920856,17.047260887920856,17.047260887920856,111.0,0.01693811043348324,0.0,17,17,17,17,17,17,17,17,17,17,17
GET,/api/cart/add/anonymous-96/HPTD/1,1,0,99.13413319736719,99.13413319736719,99.13413319736719,99.13413319736719,121.0,0.01693811043348324,0.0,99,99,99,99,99,99,99,99,99,99,99
GET,/api/cart/add/anonymous-96/RMC/1,1,0,96.21634613722563,96.21634613722563,96.21634613722563,96.21634613722563,199.0,0.01693811043348324,0.0,96,96,96,96,96,96,96,96,96,96,96
GET,/api/cart/add/anonymous-97/HPTD/1,1,0,68.82023718208075,68.82023718208075,68.82023718208075,68.82023718208075,200.0,0.01693811043348324,0.0,69,69,69,69,69,69,69,69,69,69,69
GET,/api/cart/add/anonymous-97/STAN-1/1,1,0,108.81654545664787,108.81654545664787,108.81654545664787,108.81654545664787,111.0,0.01693811043348324,0.0,110,110,110,110,110,110,110,110,110,110,110
GET,/api/cart/add/anonymous-98/HPTD/1,1,0,65.59144705533981,65.59144705533981,65.59144705533981,65.59144705533981,213.0,0.01693811043348324,0.0,66,66,66,66,66,66,66,66,66,66,66
GET,/api/cart/add/anonymous-98/SHCE/1,1,0,96.4639512822032,96.4639512822032,96.4639512822032,96.4639512822032,124.0,0.01693811043348324,0.0,96,96,96,96,96,96,96,96,96,96,96
GET,/api/cart/cart/anonymous-31,1,0,6.288624368607998,6.288624368607998,6.288624368607998,6.288624368607998,215.0,0.01693811043348324,0.0,6,6,6,6,6,6,6,6,6,6,6
GET,/api/cart/cart/anonymous-32,1,0,6.904207170009613,6.904207170009613,6.904207170009613,6.904207170009613,219.0,0.01693811043348324,0.0,7,7,7,7,7,7,7,7,7,7,7
GET,/api/cart/cart/anonymous-33,1,0,7.193027064204216,7.193027064204216,7.193027064204216,7.193027064204216,225.0,0.01693811043348324,0.0,7,7,7,7,7,7,7,7,7,7,7
GET,/api/cart/cart/anonymous-34,1,0,6.478843279182911,6.478843279182911,6.478843279182911,6.478843279182911,222.0,0.01693811043348324,0.0,6,6,6,6,6,6,6,6,6,6,6
GET,/api/cart/cart/anonymous-35,1,0,6.895446218550205,6.895446218550205,6.895446218550205,6.895446218550205,200.0,0.01693811043348324,0.0,7,7,7,7,7,7,7,7,7,7,7
GET,/api/cart/cart/anonymous-36,1,0,7.647124119102955,7.647124119102955,7.647124119102955,7.647124119102955,226.0,0.01693811043348324,0.0,8,8,8,8,8,8,8,8,8,8,8
GET,/api/cart/cart/anonymous-37,1,0,9.265583008527756,9.265583008527756,9.265583008527756,9.265583008527756,223.0,0.01693811043348324,0.0,9,9,9,9,9,9,9,9,9,9,9
GET,/api/cart/cart/anonymous-38,1,0,10.942441411316395,10.942441411316395,10.942441411316395,10.942441411316395,205.0,0.01693811043348324,0.0,11,11,11,11,11,11,11,11,11,11,11
GET,/api/cart/cart/anonymous-39,1,0,7.519411854445934,7.519411854445934,7.519411854445934,7.519411854445934,221.0,0.01693811043348324,0.0,8,8,8,8,8,8,8,8,8,8,8
GET,/api/cart/cart/anonymous-40,1,0,10.011086240410805,10.011086240410805,10.011086240410805,10.011086240410805,217.0,0.01693811043348324,0.0,10,10,10,10,10,10,10,10,10,10,10
GET,/api/cart/cart/anonymous-41,1,0,7.687426172196865,7.687426172196865,7.687426172196865,7.687426172196865,198.0,0.01693811043348324,0.0,8,8,8,8,8,8,8,8,8,8,8
GET,/api/cart/cart/anonymous-42,1,0,7.364300079643726,7.364300079643726,7.364300079643726,7.364300079643726,223.0,0.01693811043348324,0.0,7,7,7,7,7,7,7,7,7,7,7
GET,/api/cart/cart/anonymous-43,1,0,7.366579957306385,7.366579957306385,7.366579957306385,7.366579957306385,200.0,0.01693811043348324,0.0,7,7,7,7,7,7,7,7,7,7,7
GET,/api/cart/cart/anonymous-44,1,0,6.204115226864815,6.204115226864815,6.204115226864815,6.204115226864815,216.0,0.01693811043348324,0.0,6,6,6,6,6,6,6,6,6,6,6
GET,/api/cart/cart/anonymous-45,1,0,6.565204821527004,6.565204821527004,6.565204821527004,6.565204821527004,200.0,0.01693811043348324,0.0,7,7,7,7,7,7,7,7,7,7,7
GET,/api/cart/cart/anonymous-46,1,0,6.392245180904865,6.392245180904865,6.392245180904865,6.392245180904865,220.0,0.01693811043348324,0.0,6,6,6,6,6,6,6,6,6,6,6
GET,/api/cart/cart/anonymous-47,1,0,6.174392066895962,6.174392066895962,6.174392066895962,6.174392066895962,200.0,0.01693811043348324,0.0,6,6,6,6,6,6,6,6,6,6,6
GET,/api/cart/cart/anonymous-48,1,0,6.152063608169556,6.152063608169556,6.152063608169556,6.152063608169556,213.0,0.01693811043348324,0.0,6,6,6,6,6,6,6,6,6,6,6
GET,/api/cart/cart/anonymous-49,1,0,6.359280087053776,6.359280087053776,6.359280087053776,6.359280087053776,125.0,0.01693811043348324,0.0,6,6,6,6,6,6,6,6,6,6,6
GET,/api/cart/cart/anonymous-50,1,0,7.702924311161041,7.702924311161041,7.702924311161041,7.702924311161041,203.0,0.01693811043348324,0.0,8,8,8,8,8,8,8,8,8,8,8
GET,/api/cart/cart/anonymous-51,1,0,73.11728969216347,73.11728969216347,73.11728969216347,73.11728969216347,221.0,0.01693811043348324,0.0,73,73,73,73,73,73,73,73,73,73,73
GET,/api/cart/cart/anonymous-52,1,0,44.38710864633322,44.38710864633322,44.38710864633322,44.38710864633322,226.0,0.01693811043348324,0.0,44,44,44,44,44,44,44,44,44,44,44
GET,/api/cart/cart/anonymous-53,1,0,8.710062131285667,8.710062131285667,8.710062131285667,8.710062131285667,179.0,0.01693811043348324,0.0,9,9,9,9,9,9,9,9,9,9,9
GET,/api/cart/cart/anonymous-54,1,0,6.22611865401268,6.22611865401268,6.22611865401268,6.22611865401268,121.0,0.01693811043348324,0.0,6,6,6,6,6,6,6,6,6,6,6
GET,/api/cart/cart/anonymous-55,1,0,8.212546817958355,8.212546817958355,8.212546817958355,8.212546817958355,209.0,0.01693811043348324,0.0,8,8,8,8,8,8,8,8,8,8,8
GET,/api/cart/cart/anonymous-56,1,0,8.450682274997234,8.450682274997234,8.450682274997234,8.450682274997234,130.0,0.01693811043348324,0.0,8,8,8,8,8,8,8,8,8,8,8
GET,/api/cart/cart/anonymous-57,1,0,9.336673654615879,9.336673654615879,9.336673654615879,9.336673654615879,201.0,0.01693811043348324,0.0,9,9,9,9,9,9,9,9,9,9,9
GET,/api/cart/cart/anonymous-58,1,0,69.78367641568184,69.78367641568184,69.78367641568184,69.78367641568184,104.0,0.01693811043348324,0.0,70,70,70,70,70,70,70,70,70,70,70
GET,/api/cart/cart/anonymous-59,1,0,9.006678126752377,9.006678126752377,9.006678126752377,9.006678126752377,201.0,0.01693811043348324,0.0,9,9,9,9,9,9,9,9,9,9,9
GET,/api/cart/cart/anonymous-60,1,0,7.495942525565624,7.495942525565624,7.495942525565624,7.495942525565624,201.0,0.01693811043348324,0.0,7,7,7,7,7,7,7,7,7,7,7
GET,/api/cart/cart/anonymous-61,1,0,6.527876481413841,6.527876481413841,6.527876481413841,6.527876481413841,190.0,0.01693811043348324,0.0,7,7,7,7,7,7,7,7,7,7,7
GET,/api/cart/cart/anonymous-62,1,0,7.802573032677174,7.802573032677174,7.802573032677174,7.802573032677174,206.0,0.01693811043348324,0.0,8,8,8,8,8,8,8,8,8,8,8
GET,/api/cart/cart/anonymous-63,1,0,6.527137942612171,6.527137942612171,6.527137942612171,6.527137942612171,214.0,0.01693811043348324,0.0,7,7,7,7,7,7,7,7,7,7,7
GET,/api/cart/cart/anonymous-64,1,0,6.9471923634409904,6.9471923634409904,6.9471923634409904,6.9471923634409904,216.0,0.01693811043348324,0.0,7,7,7,7,7,7,7,7,7,7,7
GET,/api/cart/cart/anonymous-65,1,0,6.539913825690746,6.539913825690746,6.539913825690746,6.539913825690746,201.0,0.01693811043348324,0.0,7,7,7,7,7,7,7,7,7,7,7
GET,/api/cart/cart/anonymous-66,1,0,6.181981414556503,6.181981414556503,6.181981414556503,6.181981414556503,216.0,0.01693811043348324,0.0,6,6,6,6,6,6,6,6,6,6,6
GET,/api/cart/cart/anonymous-67,1,0,6.668439134955406,6.668439134955406,6.668439134955406,6.668439134955406,205.0,0.01693811043348324,0.0,7,7,7,7,7,7,7,7,7,7,7
GET,/api/cart/cart/anonymous-68,1,0,6.9196028634905815,6.9196028634905815,6.9196028634905815,6.9196028634905815,230.0,0.01693811043348324,0.0,7,7,7,7,7,7,7,7,7,7,7
GET,/api/cart/cart/anonymous-69,1,0,6.343795917928219,6.343795917928219,6.343795917928219,6.343795917928219,210.0,0.01693811043348324,0.0,6,6,6,6,6,6,6,6,6,6,6
GET,/api/cart/cart/anonymous-70,1,0,82.14525878429413,82.14525878429413,82.14525878429413,82.14525878429413,205.0,0.01693811043348324,0.0,82,82,82,82,82,82,82,82,82,82,82
GET,/api/cart/cart/anonymous-71,1,0,6.393087096512318,6.393087096512318,6.393087096512318,6.393087096512318,198.0,0.01693811043348324,0.0,6,6,6,6,6,6,6,6,6,6,6
GET,/api/cart/cart/anonymous-72,1,0,7.075665518641472,7.075665518641472,7.075665518641472,7.075665518641472,198.0,0.01693811043348324,0.0,7,7,7,7,7,7,7,7,7,7,7
GET,/api/cart/cart/anonymous-73,1,0,8.288256824016571,8.288256824016571,8.288256824016571,8.288256824016571,179.0,0.01693811043348324,0.0,8,8,8,8,8,8,8,8,8,8,8
GET,/api/cart/cart/anonymous-74,1,0,6.553026847541332,6.553026847541332,6.553026847541332,6.553026847541332,179.0,0.01693811043348324,0.0,7,7,7,7,7,7,7,7,7,7,7
GET,/api/cart/cart/anonymous-75,1,0,8.455217815935612,8.455217815935612,8.455217815935612,8.455217815935612,222.0,0.01693811043348324,0.0,8,8,8,8,8,8,8,8,8,8,8
GET,/api/cart/cart/anonymous-76,1,0,6.271259859204292,6.271259859204292,6.271259859204292,6.271259859204292,191.0,0.01693811043348324,0.0,6,6,6,6,6,6,6,6,6,6,6
GET,/api/cart/cart/anonymous-77,1,0,12.83531729131937,12.83531729131937,12.83531729131937,12.83531729131937,225.0,0.01693811043348324,0.0,13,13,13,13,13,13,13,13,13,13,13
GET,/api/cart/cart/anonymous-78,1,0,5.344931967556477,5.344931967556477,5.344931967556477,5.344931967556477,198.0,0.01693811043348324,0.0,5,5,5,5,5,5,5,5,5,5,5
GET,/api/cart/cart/anonymous-79,1,0,9.214494377374649,9.214494377374649,9.214494377374649,9.214494377374649,223.0,0.01693811043348324,0.0,9,9,9,9,9,9,9,9,9,9,9
GET,/api/cart/cart/anonymous-80,1,0,6.330653093755245,6.330653093755245,6.330653093755245,6.330653093755245,230.0,0.01693811043348324,0.0,6,6,6,6,6,6,6,6,6,6,6
GET,/api/cart/cart/anonymous-81,1,0,6.549050100147724,6.549050100147724,6.549050100147724,6.549050100147724,225.0,0.01693811043348324,0.0,7,7,7,7,7,7,7,7,7,7,7
GET,/api/cart/cart/anonymous-82,1,0,6.991226226091385,6.991226226091385,6.991226226091385,6.991226226091385,219.0,0.01693811043348324,0.0,7,7,7,7,7,7,7,7,7,7,7
GET,/api/cart/cart/anonymous-83,1,0,27.423303574323654,27.423303574323654,27.423303574323654,27.423303574323654,193.0,0.01693811043348324,0.0,27,27,27,27,27,27,27,27,27,27,27
GET,/api/cart/cart/anonymous-84,1,0,5.640287883579731,5.640287883579731,5.640287883579731,5.640287883579731,222.0,0.01693811043348324,0.0,6,6,6,6,6,6,6,6,6,6,6
GET,/api/cart/cart/anonymous-85,1,0,6.631460040807724,6.631460040807724,6.631460040807724,6.631460040807724,184.0,0.01693811043348324,0.0,7,7,7,7,7,7,7,7,7,7,7
GET,/api/cart/cart/anonymous-86,1,0,7.543405517935753,7.543405517935753,7.543405517935753,7.543405517935753,130.0,0.01693811043348324,0.0,8,8,8,8,8,8,8,8,8,8,8
GET,/api/cart/cart/anonymous-87,1,0,6.109273061156273,6.109273061156273,6.109273061156273,6.109273061156273,209.0,0.01693811043348324,0.0,6,6,6,6,6,6,6,6,6,6,6
GET,/api/cart/cart/anonymous-88,1,0,5.489022471010685,5.489022471010685,5.489022471010685,5.489022471010685,130.0,0.01693811043348324,0.0,5,5,5,5,5,5,5,5,5,5,5
GET,/api/cart/cart/anonymous-89,1,0,7.5160181149840355,7.5160181149840355,7.5160181149840355,7.5160181149840355,130.0,0.01693811043348324,0.0,8,8,8,8,8,8,8,8,8,8,8
GET,/api/cart/cart/anonymous-90,1,0,46.71264998614788,46.71264998614788,46.71264998614788,46.71264998614788,217.0,0.01693811043348324,0.0,47,47,47,47,47,47,47,47,47,47,47
GET,/api/cart/cart/anonymous-91,1,0,34.75783858448267,34.75783858448267,34.75783858448267,34.75783858448267,201.0,0.01693811043348324,0.0,35,35,35,35,35,35,35,35,35,35,35
GET,/api/cart/cart/anonymous-92,1,0,6.62127323448658,6.62127323448658,6.62127323448658,6.62127323448658,221.0,0.01693811043348324,0.0,7,7,7,7,7,7,7,7,7,7,7
GET,/api/cart/cart/anonymous-93,1,0,78.01140658557415,78.01140658557415,78.01140658557415,78.01140658557415,206.0,0.01693811043348324,0.0,78,78,78,78,78,78,78,78,78,78,78
GET,/api/cart/cart/anonymous-94,1,0,5.824797786772251,5.824797786772251,5.824797786772251,5.824797786772251,220.0,0.01693811043348324,0.0,6,6,6,6,6,6,6,6,6,6,6
GET,/api/cart/cart/anonymous-95,1,0,7.00918585062027,7.00918585062027,7.00918585062027,7.00918585062027,190.0,0.01693811043348324,0.0,7,7,7,7,7,7,7,7,7,7,7
GET,/api/cart/cart/anonymous-96,1,0,14.382055960595608,14.382055960595608,14.382055960595608,14.382055960595608,199.0,0.01693811043348324,0.0,14,14,14,14,14,14,14,14,14,14,14
GET,/api/cart/cart/anonymous-97,1,0,7.124454714357853,7.124454714357853,7.124454714357853,7.124454714357853,200.0,0.01693811043348324,0.0,7,7,7,7,7,7,7,7,7,7,7
GET,/api/cart/cart/anonymous-98,1,0,6.286293268203735,6.286293268203735,6.286293268203735,6.286293268203735,213.0,0.01693811043348324,0.0,6,6,6,6,6,6,6,6,6,6,6
GET,/api/cart/update/anonymous-31/RMC/2,1,0,7.048066705465317,7.048066705465317,7.048066705465317,7.048066705465317,215.0,0.01693811043348324,0.0,7,7,7,7,7,7,7,7,7,7,7
GET,/api/cart/update/anonymous-32/RED/2,1,0,7.6093170791864395,7.6093170791864395,7.6093170791864395,7.6093170791864395,221.0,0.01693811043348324,0.0,8,8,8,8,8,8,8,8,8,8,8
GET,/api/cart/update/anonymous-33/SHCE/2,1,0,7.292508147656918,7.292508147656918,7.292508147656918,7.292508147656918,225.0,0.01693811043348324,0.0,7,7,7,7,7,7,7,7,7,7,7
GET,/api/cart/update/anonymous-34/EPE/2,1,0,11.86545193195343,11.86545193195343,11.86545193195343,11.86545193195343,222.0,0.01693811043348324,0.0,12,12,12,12,12,12,12,12,12,12,12
GET,/api/cart/update/anonymous-35/EPE/2,1,0,6.913265213370323,6.913265213370323,6.913265213370323,6.913265213370323,200.0,0.01693811043348324,0.0,7,7,7,7,7,7,7,7,7,7,7
GET,/api/cart/update/anonymous-36/UHJ/2,1,0,87.30890229344368,87.30890229344368,87.30890229344368,87.30890229344368,228.0,0.01693811043348324,0.0,87,87,87,87,87,87,87,87,87,87,87
GET,/api/cart/update/anonymous-37/EMM/2,1,0,8.69511254131794,8.69511254131794,8.69511254131794,8.69511254131794,222.0,0.01693811043348324,0.0,9,9,9,9,9,9,9,9,9,9,9
GET,/api/cart/update/anonymous-38/EMM/2,1,0,69.03735548257828,69.03735548257828,69.03735548257828,69.03735548257828,217.0,0.01693811043348324,0.0,69,69,69,69,69,69,69,69,69,69,69
GET,/api/cart/update/anonymous-39/EMM/2,1,0,67.7037900313735,67.7037900313735,67.7037900313735,67.7037900313735,206.0,0.01693811043348324,0.0,68,68,68,68,68,68,68,68,68,68,68
GET,/api/cart/update/anonymous-40/HPTD/2,1,0,26.66736301034689,26.66736301034689,26.66736301034689,26.66736301034689,215.0,0.01693811043348324,0.0,27,27,27,27,27,27,27,27,27,27,27
GET,/api/cart/update/anonymous-41/Watson/2,1,0,8.554290980100632,8.554290980100632,8.554290980100632,8.554290980100632,196.0,0.01693811043348324,0.0,9,9,9,9,9,9,9,9,9,9,9
GET,/api/cart/update/anonymous-42/HPTD/2,1,0,10.057536885142326,10.057536885142326,10.057536885142326,10.057536885142326,223.0,0.01693811043348324,0.0,10,10,10,10,10,10,10,10,10,10,10
GET,/api/cart/update/anonymous-43/Watson/2,1,0,8.588704280555248,8.588704280555248,8.588704280555248,8.588704280555248,198.0,0.01693811043348324,0.0,9,9,9,9,9,9,9,9,9,9,9
GET,/api/cart/update/anonymous-44/RMC/2,1,0,7.031572982668877,7.031572982668877,7.031572982668877,7.031572982668877,216.0,0.01693811043348324,0.0,7,7,7,7,7,7,7,7,7,7,7
GET,/api/cart/update/anonymous-45/STAN-1/2,1,0,7.25350808352232,7.25350808352232,7.25350808352232,7.25350808352232,201.0,0.01693811043348324,0.0,7,7,7,7,7,7,7,7,7,7,7
GET,/api/cart/update/anonymous-46/UHJ/2,1,0,7.108932361006737,7.108932361006737,7.108932361006737,7.108932361006737,211.0,0.01693811043348324,0.0,7,7,7,7,7,7,7,7,7,7,7
GET,/api/cart/update/anonymous-47/EPE/2,1,0,7.06789456307888,7.06789456307888,7.06789456307888,7.06789456307888,200.0,0.01693811043348324,0.0,7,7,7,7,7,7,7,7,7,7,7
GET,/api/cart/update/anonymous-48/HPTD/2,1,0,7.2944508865475655,7.2944508865475655,7.2944508865475655,7.2944508865475655,213.0,0.01693811043348324,0.0,7,7,7,7,7,7,7,7,7,7,7
GET,/api/cart/update/anonymous-49/SHCE/2,1,0,6.947819143533707,6.947819143533707,6.947819143533707,6.947819143533707,125.0,0.01693811043348324,0.0,7,7,7,7,7,7,7,7,7,7,7
GET,/api/cart/update/anonymous-50/SHCE/2,1,0,8.625876158475876,8.625876158475876,8.625876158475876,8.625876158475876,204.0,0.01693811043348324,0.0,9,9,9,9,9,9,9,9,9,9,9
GET,/api/cart/update/anonymous-51/EMM/2,1,0,8.420681580901146,8.420681580901146,8.420681580901146,8.420681580901146,206.0,0.01693811043348324,0.0,8,8,8,8,8,8,8,8,8,8,8
GET,/api/cart/update/anonymous-52/UHJ/2,1,0,8.15944280475378,8.15944280475378,8.15944280475378,8.15944280475378,228.0,0.01693811043348324,0.0,8,8,8,8,8,8,8,8,8,8,8
GET,/api/cart/update/anonymous-53/EPE/2,1,0,6.129572167992592,6.129572167992592,6.129572167992592,6.129572167992592,195.0,0.01693811043348324,0.0,6,6,6,6,6,6,6,6,6,6,6
GET,/api/cart/update/anonymous-54/HPTD/2,1,0,7.46824499219656,7.46824499219656,7.46824499219656,7.46824499219656,121.0,0.01693811043348324,0.0,7,7,7,7,7,7,7,7,7,7,7
GET,/api/cart/update/anonymous-55/Watson/2,1,0,9.27212554961443,9.27212554961443,9.27212554961443,9.27212554961443,209.0,0.01693811043348324,0.0,9,9,9,9,9,9,9,9,9,9,9
GET,/api/cart/update/anonymous-56/EPE/2,1,0,9.10128839313984,9.10128839313984,9.10128839313984,9.10128839313984,130.0,0.01693811043348324,0.0,9,9,9,9,9,9,9,9,9,9,9
GET,/api/cart/update/anonymous-57/RED/2,1,0,10.455626994371414,10.455626994371414,10.455626994371414,10.455626994371414,214.0,0.01693811043348324,0.0,10,10,10,10,10,10,10,10,10,10,10
GET,/api/cart/update/anonymous-58/Watson/2,1,0,14.168302528560162,14.168302528560162,14.168302528560162,14.168302528560162,104.0,0.01693811043348324,0.0,14,14,14,14,14,14,14,14,14,14,14
GET,/api/cart/update/anonymous-59/EMM/2,1,0,71.31102401763201,71.31102401763201,71.31102401763201,71.31102401763201,188.0,0.01693811043348324,0.0,71,71,71,71,71,71,71,71,71,71,71
GET,/api/cart/update/anonymous-60/STAN-1/2,1,0,33.20851922035217,33.20851922035217,33.20851922035217,33.20851922035217,187.0,0.01693811043348324,0.0,33,33,33,33,33,33,33,33,33,33,33
GET,/api/cart/update/anonymous-61/RMC/2,1,0,56.51865340769291,56.51865340769291,56.51865340769291,56.51865340769291,190.0,0.01693811043348324,0.0,57,57,57,57,57,57,57,57,57,57,57
GET,/api/cart/update/anonymous-62/Watson/2,1,0,7.100146263837814,7.100146263837814,7.100146263837814,7.100146263837814,206.0,0.01693811043348324,0.0,7,7,7,7,7,7,7,7,7,7,7
GET,/api/cart/update/anonymous-63/EMM/2,1,0,6.796926259994507,6.796926259994507,6.796926259994507,6.796926259994507,227.0,0.01693811043348324,0.0,7,7,7,7,7,7,7,7,7,7,7
GET,/api/cart/update/anonymous-64/UHJ/2,1,0,7.011176086962223,7.011176086962223,7.011176086962223,7.011176086962223,219.0,0.01693811043348324,0.0,7,7,7,7,7,7,7,7,7,7,7
GET,/api/cart/update/anonymous-65/STAN-1/2,1,0,6.6233426332473755,6.6233426332473755,6.6233426332473755,6.6233426332473755,187.0,0.01693811043348324,0.0,7,7,7,7,7,7,7,7,7,7,7
GET,/api/cart/update/anonymous-66/RMC/2,1,0,7.903772406280041,7.903772406280041,7.903772406280041,7.903772406280041,216.0,0.01693811043348324,0.0,8,8,8,8,8,8,8,8,8,8,8
GET,/api/cart/update/anonymous-67/EPE/2,1,0,13.147657737135887,13.147657737135887,13.147657737135887,13.147657737135887,219.0,0.01693811043348324,0.0,13,13,13,13,13,13,13,13,13,13,13
GET,/api/cart/update/anonymous-68/UHJ/2,1,0,76.45443361252546,76.45443361252546,76.45443361252546,76.45443361252546,233.0,0.01693811043348324,0.0,76,76,76,76,76,76,76,76,76,76,76
GET,/api/cart/update/anonymous-69/RMC/2,1,0,7.27334339171648,7.27334339171648,7.27334339171648,7.27334339171648,210.0,0.01693811043348324,0.0,7,7,7,7,7,7,7,7,7,7,7
GET,/api/cart/update/anonymous-70/EPE/2,1,0,8.096886798739433,8.096886798739433,8.096886798739433,8.096886798739433,219.0,0.01693811043348324,0.0,8,8,8,8,8,8,8,8,8,8,8
GET,/api/cart/update/anonymous-71/SHCE/2,1,0,7.285545580089092,7.285545580089092,7.285545580089092,7.285545580089092,198.0,0.01693811043348324,0.0,7,7,7,7,7,7,7,7,7,7,7
GET,/api/cart/update/anonymous-72/SHCE/2,1,0,6.579766049981117,6.579766049981117,6.579766049981117,6.579766049981117,198.0,0.01693811043348324,0.0,7,7,7,7,7,7,7,7,7,7,7
GET,/api/cart/update/anonymous-73/STAN-1/2,1,0,83.23818724602461,83.23818724602461,83.23818724602461,83.23818724602461,195.0,0.01693811043348324,0.0,83,83,83,83,83,83,83,83,83,83,83
GET,/api/cart/update/anonymous-74/EPE/2,1,0,7.044258527457714,7.044258527457714,7.044258527457714,7.044258527457714,195.0,0.01693811043348324,0.0,7,7,7,7,7,7,7,7,7,7,7
GET,/api/cart/update/anonymous-75/SHCE/2,1,0,73.13370984047651,73.13370984047651,73.13370984047651,73.13370984047651,222.0,0.01693811043348324,0.0,73,73,73,73,73,73,73,73,73,73,73
GET,/api/cart/update/anonymous-76/STAN-1/2,1,0,9.672438725829124,9.672438725829124,9.672438725829124,9.672438725829124,204.0,0.01693811043348324,0.0,10,10,10,10,10,10,10,10,10,10,10
GET,/api/cart/update/anonymous-77/RED/2,1,0,8.340715430676937,8.340715430676937,8.340715430676937,8.340715430676937,226.0,0.01693811043348324,0.0,8,8,8,8,8,8,8,8,8,8,8
GET,/api/cart/update/anonymous-78/SHCE/2,1,0,5.84289338439703,5.84289338439703,5.84289338439703,5.84289338439703,198.0,0.01693811043348324,0.0,6,6,6,6,6,6,6,6,6,6,6
GET,/api/cart/update/anonymous-79/HPTD/2,1,0,10.507913306355476,10.507913306355476,10.507913306355476,10.507913306355476,223.0,0.01693811043348324,0.0,11,11,11,11,11,11,11,11,11,11,11
GET,/api/cart/update/anonymous-80/UHJ/2,1,0,53.75469382852316,53.75469382852316,53.75469382852316,53.75469382852316,233.0,0.01693811043348324,0.0,54,54,54,54,54,54,54,54,54,54,54
GET,/api/cart/update/anonymous-81/SHCE/2,1,0,6.417183205485344,6.417183205485344,6.417183205485344,6.417183205485344,225.0,0.01693811043348324,0.0,6,6,6,6,6,6,6,6,6,6,6
GET,/api/cart/update/anonymous-82/RED/2,1,0,78.2069256529212,78.2069256529212,78.2069256529212,78.2069256529212,221.0,0.01693811043348324,0.0,78,78,78,78,78,78,78,78,78,78,78
GET,/api/cart/update/anonymous-83/Watson/2,1,0,6.748528219759464,6.748528219759464,6.748528219759464,6.748528219759464,191.0,0.01693811043348324,0.0,7,7,7,7,7,7,7,7,7,7,7
GET,/api/cart/update/anonymous-84/SHCE/2,1,0,6.393366493284702,6.393366493284702,6.393366493284702,6.393366493284702,222.0,0.01693811043348324,0.0,6,6,6,6,6,6,6,6,6,6,6
GET,/api/cart/update/anonymous-85/RMC/2,1,0,60.254013165831566,60.254013165831566,60.254013165831566,60.254013165831566,184.0,0.01693811043348324,0.0,60,60,60,60,60,60,60,60,60,60,60
GET,/api/cart/update/anonymous-86/EPE/2,1,0,84.89838801324368,84.89838801324368,84.89838801324368,84.89838801324368,130.0,0.01693811043348324,0.0,85,85,85,85,85,85,85,85,85,85,85
GET,/api/cart/update/anonymous-87/RED/2,1,0,6.373649463057518,6.373649463057518,6.373649463057518,6.373649463057518,224.0,0.01693811043348324,0.0,6,6,6,6,6,6,6,6,6,6,6
GET,/api/cart/update/anonymous-88/EPE/2,1,0,7.26530235260725,7.26530235260725,7.26530235260725,7.26530235260725,130.0,0.01693811043348324,0.0,7,7,7,7,7,7,7,7,7,7,7
GET,/api/cart/update/anonymous-89/EPE/2,1,0,46.89253028482199,46.89253028482199,46.89253028482199,46.89253028482199,130.0,0.01693811043348324,0.0,47,47,47,47,47,47,47,47,47,47,47
GET,/api/cart/update/anonymous-90/HPTD/2,1,0,9.054823778569698,9.054823778569698,9.054823778569698,9.054823778569698,215.0,0.01693811043348324,0.0,9,9,9,9,9,9,9,9,9,9,9
GET,/api/cart/update/anonymous-91/STAN-1/2,1,0,6.417257711291313,6.417257711291313,6.417257711291313,6.417257711291313,187.0,0.01693811043348324,0.0,6,6,6,6,6,6,6,6,6,6,6
GET,/api/cart/update/anonymous-92/EMM/2,1,0,159.9915660917759,159.9915660917759,159.9915660917759,159.9915660917759,206.0,0.01693811043348324,0.0,160,160,160,160,160,160,160,160,160,160,160
GET,/api/cart/update/anonymous-93/Watson/2,1,0,7.273302413523197,7.273302413523197,7.273302413523197,7.273302413523197,206.0,0.01693811043348324,0.0,7,7,7,7,7,7,7,7,7,7,7
GET,/api/cart/update/anonymous-94/UHJ/2,1,0,10.236233472824097,10.236233472824097,10.236233472824097,10.236233472824097,211.0,0.01693811043348324,0.0,10,10,10,10,10,10,10,10,10,10,10
GET,/api/cart/update/anonymous-95/RMC/2,1,0,7.343750447034836,7.343750447034836,7.343750447034836,7.343750447034836,190.0,0.01693811043348324,0.0,7,7,7,7,7,7,7,7,7,7,7
GET,/api/cart/update/anonymous-96/HPTD/2,1,0,86.47767268121243,86.47767268121243,86.47767268121243,86.47767268121243,199.0,0.01693811043348324,0.0,86,86,86,86,86,86,86,86,86,86,86
GET,/api/cart/update/anonymous-97/STAN-1/2,1,0,75.8798886090517,75.8798886090517,75.8798886090517,75.8798886090517,201.0,0.01693811043348324,0.0,76,76,76,76,76,76,76,76,76,76,76
GET,/api/cart/update/anonymous-98/SHCE/2,1,0,82.06757251173258,82.06757251173258,82.06757251173258,82.06757251173258,213.0,0.01693811043348324,0.0,82,82,82,82,82,82,82,82,82,82,82
GET,/api/catalogue/categories,68,0,9,25.916358209489022,7.06479512155056,101.49219073355198,35.0,1.1517915094768603,0.0,9,12,47,54,74,88,92,100,100,100,100
GET,/api/catalogue/product/EMM,17,0,10,15.254075200680424,8.475713431835175,92.0286551117897,209.0,0.28794787736921507,0.0,10,11,11,12,17,92,92,92,92,92,92
GET,/api/catalogue/product/EPE,25,0,10,24.53744485974312,8.308181539177895,99.20145384967327,194.0,0.423452760837081,0.0,10,14,20,46,93,94,99,99,99,99,99
GET,/api/catalogue/product/HPTD,17,0,11,30.060227248160277,8.435875177383423,96.99603170156479,263.0,0.28794787736921507,0.0,11,12,23,88,92,97,97,97,97,97,97
GET,/api/catalogue/product/RED,11,0,10,11.649651791561734,8.15732404589653,25.753095746040344,181.0,0.18631921476831564,0.0,10,11,13,13,13,26,26,26,26,26,26
GET,/api/catalogue/product/RMC,9,0,10,21.999084287219578,8.976224809885025,92.72527322173119,198.0,0.15244299390134916,0.0,10,10,10,37,93,93,93,93,93,93,93
GET,/api/catalogue/product/SHCE,17,0,11,35.39791686789078,8.686627261340618,95.30842117965221,183.0,0.28794787736921507,0.0,11,16,93,94,95,95,95,95,95,95,95
GET,/api/catalogue/product/STAN-1,13,0,10,16.5300674449939,7.9762889072299,94.55878846347332,173.0,0.22019543563528213,0.0,10,11,11,11,13,95,95,95,95,95,95
GET,/api/catalogue/product/UHJ,13,0,11,32.51344760736594,9.532785043120384,100.38894042372704,189.0,0.22019543563528213,0.0,11,29,32,84,96,100,100,100,100,100,100
GET,/api/catalogue/product/Watson,14,0,10,28.672248723783664,8.655453100800514,96.64557874202728,186.0,0.23713354606876536,0.0,11,13,16,93,94,97,97,97,97,97,97
GET,/api/catalogue/products,68,0,9,25.529642452431077,7.239240221679211,101.30387917160988,2196.0,1.1517915094768603,0.0,9,29,37,39,78,80,92,100,100,100,100
GET,/api/ratings/api/fetch/EMM,17,0,19,41.23632127747816,17.013249918818474,106.69124405831099,36.0,0.28794787736921507,0.0,19,50,69,72,100,110,110,110,110,110,110
GET,/api/ratings/api/fetch/EPE,25,0,50,58.563013821840286,18.22273340076208,153.30455172806978,35.24,0.423452760837081,0.0,50,79,92,98,110,110,150,150,150,150,150
GET,/api/ratings/api/fetch/HPTD,17,0,30,59.85497995553648,15.595735982060432,166.7896118015051,34.294117647058826,0.28794787736921507,0.0,30,93,93,100,130,170,170,170,170,170,170
GET,/api/ratings/api/fetch/RED,11,0,34,48.38840062306686,16.411392018198967,101.04918386787176,33.0,0.18631921476831564,0.0,34,67,77,77,98,100,100,100,100,100,100
GET,/api/ratings/api/fetch/RMC,9,0,26,47.38989493085278,18.134042620658875,100.4613870754838,34.77777777777778,0.15244299390134916,0.0,26,33,92,97,100,100,100,100,100,100,100
GET,/api/ratings/api/fetch/SHCE,17,0,21,54.1624933042947,17.080451361835003,160.58761160820723,34.294117647058826,0.28794787736921507,0.0,21,83,93,100,110,160,160,160,160,160,160
GET,/api/ratings/api/fetch/STAN-1,13,0,20,31.902601154377827,16.80298987776041,101.87948495149612,34.76923076923077,0.22019543563528213,0.0,20,23,28,41,74,100,100,100,100,100,100
GET,/api/ratings/api/fetch/UHJ,13,0,24,55.30934150402363,17.80686341226101,161.39594744890928,33.61538461538461,0.22019543563528213,0.0,24,82,97,99,110,160,160,160,160,160,160
GET,/api/ratings/api/fetch/Watson,14,0,24,51.98181859616722,16.36332366615534,178.9387222379446,36.0,0.23713354606876536,0.0,31,45,92,100,110,180,180,180,180,180,180
PUT,/api/ratings/api/rate/EMM/3,1,0,73.73693212866783,73.73693212866783,73.73693212866783,73.73693212866783,16.0,0.01693811043348324,0.0,74,74,74,74,74,74,74,74,74,74,74
PUT,/api/ratings/api/rate/EMM/4,4,0,61,90.54681705310941,59.65442769229412,128.8258684799075,16.0,0.06775244173393297,0.0,110,110,130,130,130,130,130,130,130,130,130
PUT,/api/ratings/api/rate/EMM/5,2,0,73,84.00561334565282,72.93136138468981,95.07986530661583,16.0,0.03387622086696648,0.0,95,95,95,95,95,95,95,95,95,95,95
PUT,/api/ratings/api/rate/EPE/1,2,0,81.00119698792696,96.50613088160753,81.00119698792696,112.0110647752881,16.0,0.03387622086696648,0.0,110,110,110,110,110,110,110,110,110,110,110
PUT,/api/ratings/api/rate/EPE/2,1,0,274.15791153907776,274.15791153907776,274.15791153907776,274.15791153907776,16.0,0.01693811043348324,0.0,270,270,270,270,270,270,270,270,270,270,270
PUT,/api/ratings/api/rate/EPE/4,2,0,85,106.74520442262292,84.95160937309265,128.5387994721532,16.0,0.03387622086696648,0.0,130,130,130,130,130,130,130,130,130,130,130
PUT,/api/ratings/api/rate/EPE/5,3,0,210.0,180.39664222548404,66.43881928175688,268.45846325159073,16.0,0.05081433130044972,0.0,210,210,270,270,270,270,270,270,270,270,270
PUT,/api/ratings/api/rate/HPTD/2,1,0,203.31860519945621,203.31860519945621,203.31860519945621,203.31860519945621,16.0,0.01693811043348324,0.0,200,200,200,200,200,200,200,200,200,200,200
PUT,/api/ratings/api/rate/HPTD/3,1,0,80.54658398032188,80.54658398032188,80.54658398032188,80.54658398032188,16.0,0.01693811043348324,0.0,81,81,81,81,81,81,81,81,81,81,81
PUT,/api/ratings/api/rate/RED/2,1,0,75.90947672724724,75.90947672724724,75.90947672724724,75.90947672724724,16.0,0.01693811043348324,0.0,76,76,76,76,76,76,76,76,76,76,76
PUT,/api/ratings/api/rate/RMC/2,1,0,217.21360087394714,217.21360087394714,217.21360087394714,217.21360087394714,16.0,0.01693811043348324,0.0,220,220,220,220,220,220,220,220,220,220,220
PUT,/api/ratings/api/rate/RMC/5,1,0,123.94972052425146,123.94972052425146,123.94972052425146,123.94972052425146,16.0,0.01693811043348324,0.0,120,120,120,120,120,120,120,120,120,120,120
PUT,/api/ratings/api/rate/SHCE/1,2,0,69,108.38723089545965,68.65917425602674,148.11528753489256,16.0,0.03387622086696648,0.0,150,150,150,150,150,150,150,150,150,150,150
PUT,/api/ratings/api/rate/SHCE/2,1,0,192.94013548642397,192.94013548642397,192.94013548642397,192.94013548642397,16.0,0.01693811043348324,0.0,190,190,190,190,190,190,190,190,190,190,190
PUT,/api/ratings/api/rate/SHCE/3,1,0,58.82694758474827,58.82694758474827,58.82694758474827,58.82694758474827,16.0,0.01693811043348324,0.0,59,59,59,59,59,59,59,59,59,59,59
PUT,/api/ratings/api/rate/SHCE/4,1,0,115.54036289453506,115.54036289453506,115.54036289453506,115.54036289453506,16.0,0.01693811043348324,0.0,120,120,120,120,120,120,120,120,120,120,120
PUT,/api/ratings/api/rate/STAN-1/1,2,0,87.21297513693571,102.15962398797274,87.21297513693571,117.10627283900976,16.0,0.03387622086696648,0.0,120,120,120,120,120,120,120,120,120,120,120
PUT,/api/ratings/api/rate/STAN-1/2,1,0,77.31848396360874,77.31848396360874,77.31848396360874,77.31848396360874,16.0,0.01693811043348324,0.0,77,77,77,77,77,77,77,77,77,77,77
PUT,/api/ratings/api/rate/STAN-1/4,1,0,78.75650189816952,78.75650189816952,78.75650189816952,78.75650189816952,16.0,0.01693811043348324,0.0,79,79,79,79,79,79,79,79,79,79,79
PUT,/api/ratings/api/rate/STAN-1/5,1,0,63.42355813831091,63.42355813831091,63.42355813831091,63.42355813831091,16.0,0.01693811043348324,0.0,63,63,63,63,63,63,63,63,63,63,63
PUT,/api/ratings/api/rate/UHJ/1,1,0,132.79911782592535,132.79911782592535,132.79911782592535,132.79911782592535,16.0,0.01693811043348324,0.0,130,130,130,130,130,130,130,130,130,130,130
PUT,/api/ratings/api/rate/UHJ/3,1,0,157.48318936675787,157.48318936675787,157.48318936675787,157.48318936675787,16.0,0.01693811043348324,0.0,160,160,160,160,160,160,160,160,160,160,160
PUT,/api/ratings/api/rate/UHJ/4,1,0,207.3987079784274,207.3987079784274,207.3987079784274,207.3987079784274,16.0,0.01693811043348324,0.0,210,210,210,210,210,210,210,210,210,210,210
PUT,/api/ratings/api/rate/UHJ/5,1,0,64.0965485945344,64.0965485945344,64.0965485945344,64.0965485945344,16.0,0.01693811043348324,0.0,64,64,64,64,64,64,64,64,64,64,64
PUT,/api/ratings/api/rate/Watson/3,1,0,82.75359217077494,82.75359217077494,82.75359217077494,82.75359217077494,16.0,0.01693811043348324,0.0,83,83,83,83,83,83,83,83,83,83,83
GET,/api/shipping/cities/ch,1,1,1870.0536359101534,1870.0536359101534,1870.0536359101534,1870.0536359101534,494.0,0.01693811043348324,0.01693811043348324,1900,1900,1900,1900,1900,1900,1900,1900,1900,1900,1900
GET,/api/shipping/cities/gb,1,1,1813.401224091649,1813.401224091649,1813.401224091649,1813.401224091649,494.0,0.01693811043348324,0.01693811043348324,1800,1800,1800,1800,1800,1800,1800,1800,1800,1800,1800
GET,/api/shipping/codes,56,54,10,2306.140704196878,4.083639942109585,31063.56359552592,513.0,0.9485341842750614,0.9146579634080949,11,1000,3000,3000,7000,15000,15000,31000,31000,31000,31000
POST,/api/user/login,77,0,11,17.65683318742297,9.127693250775337,99.1821987554431,92.0,1.3042345033782095,0.0,11,13,15,19,35,64,88,99,99,99,99
GET,/api/user/uniqueid,68,0,8,12.727005845483612,6.703614257276058,83.23680981993675,23.0,1.1517915094768603,0.0,8,9,9,10,17,57,68,83,83,83,83
,Aggregated,986,56,13,166.1340828151886,3.343909978866577,31063.56359552592,453.9574036511156,16.700976887414473,0.9485341842750614,13,24,55,74,99,120,1000,3000,31000,31000,31000
